date,time,temp,weather,planting,yr_restored,burn_stat,trap_num,tag_num,capture_type,species,sex,age,female_cond,Weight_g,tl_mm,rhf_mm,bl_mm,notes,Initials
5/4/2024,7:17AM,49,sunny,HF,2013,B,A5,1366,N,P.man,F,A,L,28,52,16,60,9g,"LS, JW, AP, TL"
5/4/2024,7:17AM,49,sunny,HF,2013,B,E5,,TNC,,,,,,,,,,"LS, JW, AP, TL"
5/4/2024,7:17AM,49,sunny,HF,2013,B,C2,1383,N,P.man,M,A,,29,52,16,58,10g,"LS, JW, AP, TL"
5/4/2024,7:17AM,49,sunny,HF,2013,B,E1,1399,N,P.man,F,A,L,27,52,15,53,11g,"LS, JW, AP, TL"
5/4/2024,7:17AM,49,sunny,SB,2009,B,A1,1379,N,P.man,M,SA,,30,51,16,57,16g,"LS, JW, AP, TL"
5/4/2024,7:17AM,49,sunny,SBEE,2009,B,D5,,TNC,,,,,,,,,,"LS, JW, AP, TL"
5/4/2024,7:17AM,49,sunny,SBEE,2009,B,D1,,TNC,,,,,,,,,,"LS, JW, AP, TL"
5/4/2024,7:17AM,49,sunny,SBEE,2009,B,D2,1446,N,P.man,F,A,,26,51,16,56,9g,"LS, JW, AP, TL"
5/4/2024,7:17AM,49,sunny,SBEE,2009,B,A1,1468,N,P.man,F,A,P,34,48,15,58,14g,"LS, JW, AP, TL"
5/4/2024,7:17AM,49,sunny,TC,2002.5,NB,C2,1435,N,P.man,F,A,P,26,56,14,57,10g,"LS, JW, AP, TL"
5/4/2024,7:17AM,49,sunny,TCE,2002.5,NB,B3,,TNC,,,,,,,,,,"LS, JW, AP, TL"
5/4/2024,7:17AM,49,sunny,TCE,2002.5,NB,D2,1444,N,P.leu,F,A,L,27,31,18,58,"9g, tail bobbed","LS, JW, AP, TL"
5/5/2024,7:00AM,,,HF,2013,B,A5,1366,R,P.man,F,A,L,30,52,16,60,10g,"LS, AS, JW"
5/5/2024,7:00AM,,,HF,2013,B,A3,,TNC,,,,,,,,,,"LS, AS, JW"
5/5/2024,7:00AM,,,HF,2013,B,A1,1415,N,P.man,F,A,P,26,48,16,52,10g,"LS, AS, JW"
5/5/2024,7:00AM,,,HF,2013,B,C1,1399,R,P.man,F,A,L,26,52,15,53,10g,"LS, AS, JW"
5/5/2024,7:00AM,,,HF,2013,B,E1,1383,R,P.man,M,A,,30,52,16,58,11g,"LS, AS, JW"
5/5/2024,7:00AM,,,SB,2009,B,A4,1404,N,P.man,F,A,P,45,55,15,62,15g,"LS, AS, JW"
5/5/2024,7:00AM,,,SB,2009,B,E1,1328,N,P.man,M,SA,,25,51,16,54,11g,"LS, AS, JW"
5/5/2024,7:00AM,,,SB,2009,B,B4,1327,N,P.man,F,SA,,25,40,15,56,10g,"LS, AS, JW"
5/5/2024,7:00AM,,,SB,2009,B,D4,1390,N,P.man,M,SA,,26,48,15,51,9g,"LS, AS, JW"
5/5/2024,7:00AM,,,SB,2009,B,D3,1358,N,P.man,M,A,,32,55,16,62,11g,"LS, AS, JW"
5/5/2024,7:00AM,,,SBEE,2009,B,D5,1392,N,P.man,F,A,L,29,49,14,54,11g,"LS, AS, JW"
5/5/2024,7:00AM,,,SBEE,2009,B,B1,,TNC,,,,,,,,,,"LS, AS, JW"
5/5/2024,7:00AM,,,SBEE,2009,B,B5,,TNC,,,,,,,,,,"LS, AS, JW"
5/5/2024,7:00AM,,,SBEE,2009,B,E5,,TNC,,,,,,,,,,"LS, AS, JW"
5/5/2024,7:00AM,,,SBEE,2009,B,B2,1384,N,P.man,M,A,,29,45,15,58,10g,"LS, AS, JW"
5/5/2024,7:00AM,,,SBEE,2009,B,B4,1446,R,P.man,F,A,,27,51,16,56,9g,"LS, AS, JW"
5/5/2024,7:00AM,,,SBEW,,B,C2,1472,N,P.man,M,A,,27,55,16,55,9g,"LS, AS, JW"
5/5/2024,7:00AM,,,TC,2002.5,NB,E3,1449,N,P.man,F,A,P,25,56,15,55,9g,"LS, AS, JW"
5/5/2024,7:00AM,,,TCE,2002.5,NB,C1,,TNC,,,,,,,,,,"LS, AS, JW"
5/5/2024,7:00AM,,,TCE,2002.5,NB,D2,1444,R,P.leu,F,A,L,30,31,18,58,9g,"LS, AS, JW"
5/5/2024,7:00AM,,,WH,1992,B,C1,1368,N,P.leu,M,A,,38,70,18,75,"9g, hair sample","LS, AS, JW"
5/6/2024,7:29AM,51,sunny,HF,2013,B,A5,1324,N,P.man,M,A,,37,46,15,59,14g,"LS, AT"
5/6/2024,7:29AM,51,sunny,HF,2013,B,A4,,TNC,,,,,,,,,,"LS, AT"
5/6/2024,7:29AM,51,sunny,HF,2013,B,A1,1351,N,P.man,F,A,L,25,51,15,53,9g,"LS, AT"
5/6/2024,7:29AM,51,sunny,HF,2013,B,D1,,TNC,,,,,,,,,,"LS, AT"
5/6/2024,7:29AM,51,sunny,HF,2013,B,C3,1367,N,P.man,,J,,22,34,14,39,15g,"LS, AT"
5/6/2024,7:29AM,51,sunny,HF,2013,B,C4,1419,N,P.man,F,A,PL,28,53,15,53,10g,"LS, AT"
5/6/2024,7:29AM,51,sunny,SB,2009,B,C1,1405,N,P.man,F,A,P,29,43,15,58,11g,"LS, AT"
5/6/2024,7:29AM,51,sunny,SB,2009,B,B4,1438,N,P.man,M,A,,24,54,15,58,9g,"LS, AT"
5/6/2024,7:29AM,51,sunny,SB,2009,B,D4,1327,R,P.man,F,SA,,21,40,15,56,9g,"LS, AT"
5/6/2024,7:29AM,51,sunny,SBEE,2009,B,B5,,TNC,,,,,,,,,,"LS, AT"
5/6/2024,7:29AM,51,sunny,SBEE,2009,B,B1,,TNC,,,,,,,,,,"LS, AT"
5/6/2024,7:29AM,51,sunny,SBEE,2009,B,B2,1446,R,P.man,F,A,,25,51,16,56,10g,"LS, AT"
5/6/2024,7:29AM,51,sunny,SBEE,2009,B,B3,1384,R,P.man,M,A,,33,45,15,58,12g,"LS, AT"
5/6/2024,7:29AM,51,sunny,SBEW,,B,D5,1455,N,P.man,M,A,,30,56,15,58,12g,"LS, AT"
5/6/2024,7:29AM,51,sunny,TC,2002.5,NB,C4,1363,N,M.och,F,A,P,33,25,13,74,"9g, hair sample","LS, AT"
5/6/2024,7:29AM,51,sunny,TC,2002.5,NB,C3,1294,N,M.och,F,A,P,39,25,15,73,"12g, hair sample","LS, AT"
5/6/2024,7:29AM,51,sunny,TCE,2002.5,NB,A5,1412,N,P.leu,M,A,,33,66,18,56,"13g, hair sample","LS, AT"
5/6/2024,7:29AM,51,sunny,TCE,2002.5,NB,E3,1429,N,R.meg,M,A,,22,59,14,48,"11g, hair sample","LS, AT"
5/6/2024,7:29AM,51,sunny,TCE,2002.5,NB,D4,1444,R,P.leu,F,A,L,41,31,18,58,"22g, hair sample","LS, AT"
5/6/2024,7:29AM,51,sunny,TCE,2002.5,NB,B3,1296,N,M.och,M,A,,38,25,18,69,"12g, hair sample","LS, AT"
5/7/2024,8:51AM,61,overcast,TCE,2002.5,NB,A5,1469,R,P.leu,M,A,,29,62,17,55,"10g, prev #1412","HJK, ERS, LS, AT"
5/7/2024,8:51AM,61,overcast,TCE,2002.5,NB,D2,,T,,,,,,,,,,"HJK, ERS, LS, AT"
5/7/2024,8:51AM,61,overcast,TCE,2002.5,NB,E1,,T,,,,,,,,,,"HJK, ERS, LS, AT"
5/7/2024,8:51AM,61,overcast,TCE,2002.5,NB,C5,1429,R,R.meg,M,A,,19,59,14,48,9g,"HJK, ERS, LS, AT"
5/7/2024,8:51AM,61,overcast,TCE,2002.5,NB,E3,,TNC,,,,,,,,,,"HJK, ERS, LS, AT"
5/7/2024,8:51AM,61,overcast,TC,2002.5,NB,E5,,TNC,,,,,,,,,,"HJK, ERS, LS, AT"
5/7/2024,8:51AM,61,overcast,TC,2002.5,NB,C2,,TNC,,,,,,,,,,"HJK, ERS, LS, AT"
5/7/2024,8:51AM,61,overcast,TC,2002.5,NB,A3,,TNC,,,,,,,,,,"HJK, ERS, LS, AT"
5/7/2024,8:51AM,61,overcast,SB,2009,B,A1,,TNC,,,,,,,,,,"HJK, ERS, LS, AT"
5/7/2024,8:51AM,61,overcast,SB,2009,B,C5,1438,R,P.man,M,A,,26,54,15,58,10g,"HJK, ERS, LS, AT"
5/7/2024,8:51AM,61,overcast,SB,2009,B,D4,1468,R,P.man,F,A,P,31,48,15,58,10g,"HJK, ERS, LS, AT"
5/7/2024,8:51AM,61,overcast,SB,2009,B,E1,1316,N,P.man,M,A,,35,55,15,56,14g,"HJK, ERS, LS, AT"
5/7/2024,8:51AM,61,overcast,SB,2009,B,B4,,E,,,,,,,,,,"HJK, ERS, LS, AT"
5/7/2024,8:51AM,61,overcast,SBEE,2009,B,D5,1460,N,P.man,F,A,L,27,50,15,53,9g,"HJK, ERS, LS, AT"
5/7/2024,8:51AM,61,overcast,SBEE,2009,B,B4,1446,R,P.man,F,A,,26,51,16,56,9g,"HJK, ERS, LS, AT"
5/7/2024,8:51AM,61,overcast,SBEE,2009,B,B5,,TNC,,,,,,,,,,"HJK, ERS, LS, AT"
5/7/2024,8:51AM,61,overcast,SBEE,2009,B,D2,1361,N,P.man,F,SA,,27,44,14,50,12g,"HJK, ERS, LS, AT"
5/7/2024,8:51AM,61,overcast,SBEW,,B,B1,,TNC,,,,,,,,,,"HJK, ERS, LS, AT"
5/7/2024,8:51AM,61,overcast,HF,2013,B,E5,,TNC,,,,,,,,,,"HJK, ERS, LS, AT"
5/7/2024,8:51AM,61,overcast,HF,2013,B,A3 ,,TNC,,,,,,,,,,"HJK, ERS, LS, AT"
5/7/2024,8:51AM,61,overcast,HF,2013,B,A4,1324,R,P.man,M,A,,32,46,15,59,11g,"HJK, ERS, LS, AT"
5/7/2024,8:51AM,61,overcast,HF,2013,B,C3,1432,N,P.man,M,A,,25,51,16,58,9g,"HJK, ERS, LS, AT"
5/7/2024,8:51AM,61,overcast,HF,2013,B,C1,1383,R,P.man,M,A,,30,52,16,58,10g,"HJK, ERS, LS, AT"
5/7/2024,8:51AM,61,overcast,HF,2013,B,A1,1343,N,P.man,F,A,L,22,48,15,48,11g,"HJK, ERS, LS, AT"
5/7/2024,8:51AM,61,overcast,WH,1992,B,C1,1377,R,P.leu,M,A,,42,66,18,66,"12g, prev #1368 ","HJK, ERS, LS, AT"
5/7/2024,8:51AM,61,overcast,WH,1992,B,C3,,TNC,,,,,,,,,,"HJK, ERS, LS, AT"
5/8/2024,7:50AM,,sunny,HF,2013,B,A3,,TNC,,,,,,,,,,"LS, AT, JZ"
5/8/2024,7:50AM,,sunny,HF,2013,B,B3,1324,R,P.man,M,A,,28,46,15,59,10g,"LS, AT, JZ"
5/8/2024,7:50AM,,sunny,L,2001,NB,C2,1402,N,P.man,M,A,,30,54,16,60,11g,"LS, AT, JZ"
5/8/2024,7:50AM,,sunny,L,2001,NB,D5,1461,N,M.och,F,A,,24,21,16,62,"9g, hair sample","LS, AT, JZ"
5/8/2024,7:50AM,,sunny,L,2001,NB,D2,1371,N,P.man,F,A,PL,31,50,15,55,13g,"LS, AT, JZ"
5/8/2024,7:50AM,,sunny,WH,1992,B,C1,1391,R,P.leu,M,A,,41,64,17,67,10g,"LS, AT, JZ"
5/8/2024,7:50AM,,sunny,WH,1992,B,D4,1375,N,P.leu,F,A,PL,44,10,17,65,"16g, short tail, hair sample","LS, AT, JZ"
5/8/2024,7:50AM,,sunny,SB,2009,B,C1,1389,N,P.man,M,A,,31,55,15,60,11g,"LS, AT, JZ"
5/8/2024,7:50AM,,sunny,SB,2009,B,D4,1438,R,P.man,M,A,,26,54,15,58,9g,"LS, AT, JZ"
5/8/2024,7:50AM,,sunny,SBEE,2009,B,B2,,TNC,,,,,,,,,,"LS, AT, JZ"
5/8/2024,7:50AM,,sunny,SBEE,2009,B,B4,1446,R,P.man,F,A,,26,51,16,56,9g,"LS, AT, JZ"
5/8/2024,7:50AM,,sunny,SBEE,2009,B,D3,1384,R,P.man,M,A,,30,45,15,58,9g,"LS, AT, JZ"
5/8/2024,7:50AM,,sunny,SBEW,,B,A4,1445,N,P.man,F,A,PL,26,56,15,60,10g,"LS, AT, JZ"
5/8/2024,7:50AM,,sunny,TC,2002.5,NB,C2,1285,N,M.och,M,A,,37,25,15,81,"10g, hair sample","LS, AT, JZ"
5/8/2024,7:50AM,,sunny,TCE,2002.5,NB,A5,1469,R,P.leu,M,A,,30,62,17,55,10g,"LS, AT, JZ"
5/8/2024,7:50AM,,sunny,TCE,2002.5,NB,D3,1386,N,Z.hud,M,A,,25,110,26,64,"9g, hair sample","LS, AT, JZ"
5/8/2024,7:50AM,,sunny,TCE,2002.5,NB,B3,1296,R,M.och,M,A,,39,25,18,69,14g,"LS, AT, JZ"
5/9/2024,8:56AM,63,rainy,WH,1992,B,E5,1421,N,P.leu,F,A,P,40,10,18,62,"11g, short tail","LS, AT, MM, MT"
5/9/2024,8:56AM,63,rainy,WH,1992,B,E1,1471,N,P.leu,F,A,L,36,70,18,62,10g,"LS, AT, MM, MT"
5/9/2024,8:56AM,63,rainy,HF,2013,B,D1,1427,N,P.man,F,A,L,27,51,15,55,10g,"LS, AT, MM, MT"
5/9/2024,8:56AM,63,rainy,HF,2013,B,E3,1335,N,P.man,M,A,,25,47,15,55,11g,"LS, AT, MM, MT"
5/9/2024,8:56AM,63,rainy,HF,2013,B,E1,1365,N,P.man,F,A,PL,30,51,15,52,10g,"LS, AT, MM, MT"
5/9/2024,8:56AM,63,rainy,HF,2013,B,A4,1324,R,P.man,M,A,,27,46,15,59,,"LS, AT, MM, MT"
5/9/2024,8:56AM,63,rainy,L,2001,NB,C1,1293,N,R.meg,F,A,L,22,62,13,43,hair sample,"LS, AT, MM, MT"
5/9/2024,8:56AM,63,rainy,L,2001,NB,D5,1394,N,M.och,M,A,,22,21,16,54,"10g, hair sample","LS, AT, MM, MT"
5/9/2024,8:56AM,63,rainy,SB,2009,B,B3,1337,N,P.man,F,A,P,32,44,15,62,10g,"LS, AT, MM, MT"
5/9/2024,8:56AM,63,rainy,SB,2009,B,A5,1438,R,P.man,M,A,,27,54,15,58,10g,"LS, AT, MM, MT"
5/9/2024,8:56AM,63,rainy,SBEE,2009,B,B4,1446,R,P.man,F,A,,25,51,16,56,10g,"LS, AT, MM, MT"
5/9/2024,8:56AM,63,rainy,SBEE,2009,B,B3,1417,N,P.man,M,A,,30,55,16,55,10g,"LS, AT, MM, MT"
5/9/2024,8:56AM,63,rainy,SBEE,2009,B,B1,,TNC,,,,,,,,,,"LS, AT, MM, MT"
5/9/2024,8:56AM,63,rainy,TC,2002.5,NB,A1,1409,N,R.meg,F,A,L,20,50,14,53,"9g, hair sample","LS, AT, MM, MT"
5/9/2024,8:56AM,63,rainy,TC,2002.5,NB,C4,1467,N,M.och,F,A,,34,20,15,66,"9g, prev hair sample","LS, AT, MM, MT"
5/9/2024,8:56AM,63,rainy,TC,2002.5,NB,C5,1456,N,,M,A,,25,51,17,53,12g,"LS, AT, MM, MT"
5/9/2024,8:56AM,63,rainy,TC,2002.5,NB,D3,1449,R,P.man,F,A,P,23,56,15,55,10g,"LS, AT, MM, MT"
5/9/2024,8:56AM,63,rainy,TC,2002.5,NB,C4,1294,R,M.och,F,A,P,35,25,15,73,9g,"LS, AT, MM, MT"
5/9/2024,8:56AM,63,rainy,TCE,2002.5,NB,B3,,TNC,,,,,,,,,,"LS, AT, MM, MT"
5/9/2024,8:56AM,63,rainy,TCE,2002.5,NB,A5,,TNC,,,,,,,,,,"LS, AT, MM, MT"
5/9/2024,8:56AM,63,rainy,TCE,2002.5,NB,D2,1444,R,P.leu,F,A,L,33,31,18,58,10g,"LS, AT, MM, MT"
5/10/2024,7:05AM,,,WH,1992,B ,E1,,R,P.leu,,,,38,,,,"10g, microbob","LS, AP, JZ"
5/10/2024,7:05AM,,,WH,1992,B ,A3,,TNC,,,,,,,,,,"LS, AP, JZ"
5/10/2024,7:05AM,,,WH,1992,B ,B2,,N,P.leu,M,A,,37,5,16,53,"14g, very short tail","LS, AP, JZ"
5/10/2024,7:05AM,,,HF,2013,B ,A4,1324,R,P.man,M,A,,27,48,15,59,11g,"LS, AP, JZ"
5/10/2024,7:05AM,,,HF,2013,B ,C3,,TNC,,,,,,,,,,"LS, AP, JZ"
5/10/2024,7:05AM,,,HF,2013,B ,A3,,TNC,,,,,,,,,,"LS, AP, JZ"
5/10/2024,7:05AM,,,HF,2013,B ,E1,1383,R,P.man,M,A,,29,52,16,58,11g,"LS, AP, JZ"
5/10/2024,7:05AM,,,HF,2013,B ,B1,1353,N,P.man,F,A,P,37,54,16,58,16g,"LS, AP, JZ"
5/10/2024,7:05AM,,,HF,2013,B ,D1,1427,R,P.man,F,A,L,28,51,15,55,10g,"LS, AP, JZ"
5/10/2024,7:05AM,,,L,2001,NB,D5,1342,N,M.och,F,A,PL,50,33,18,85,9g,"LS, AP, JZ"
5/10/2024,7:05AM,,,L,2001,NB,C5,1336,N,M.och,M,A,,45,39,18,77,9g,"LS, AP, JZ"
5/10/2024,7:05AM,,,L,2001,NB,C5,,N,M.och,,J,,22,25,16,55,9g,"LS, AP, JZ"
5/10/2024,7:05AM,,,SB,2009,B,D2,1337,R,P.man,F,A,P,30,44,15,62,10g,"LS, AP, JZ"
5/10/2024,7:05AM,,,SBEE,2009,B,A4,1406,N,P.man,M,A,,36,54,16,57,16g,"LS, AP, JZ"
5/10/2024,7:05AM,,,SBEE,2009,B,E1,1438,R,P.man,M,A,,24,54,15,58,10g,"LS, AP, JZ"
5/10/2024,7:05AM,,,SBEE,2009,B,B2,,TNC,,,,,,,,,,"LS, AP, JZ"
5/10/2024,7:05AM,,,SBEE,2009,B,B4,1446,R,P.man,F,A,,24,51,16,56,9g,"LS, AP, JZ"
5/10/2024,7:05AM,,,SBEE,2009,B,D3,,E,B.brev,,,,,,,,escaped,"LS, AP, JZ"
5/10/2024,7:05AM,,,SBEE,2009,B,B5,,TNC,,,,,,,,,,"LS, AP, JZ"
5/10/2024,7:05AM,,,SBEW,,B,A4,1445,R,P.man,F,A,PL,26,56,15,60,9g,"LS, AP, JZ"
5/10/2024,7:05AM,,,SBEW,,B,D3,,TNC,,,,,,,,,,"LS, AP, JZ"
5/10/2024,7:05AM,,,TC,2002.5,NB,D4,1458,N,P.man,M,A,,30,37,15,49,10g,"LS, AP, JZ"
5/10/2024,7:05AM,,,TC,2002.5,NB,C3,1467,R,M.och,F,A,,42,20,15,66,10g,"LS, AP, JZ"
5/10/2024,7:05AM,,,TCE,2002.5,NB,A5,,TNC,,,,,,,,,,"LS, AP, JZ"
5/10/2024,7:05AM,,,TCE,2002.5,NB,C1,,TNC,,,,,,,,,,"LS, AP, JZ"
5/10/2024,7:05AM,,,TCE,2002.5,NB,B4,,TNC,,,,,,,,,,"LS, AP, JZ"
5/10/2024,7:05AM,,,TCE,2002.5,NB,A3,1447,N,Z.hud,M,A,,27,110,24,59,"9g, hair sample","LS, AP, JZ"
5/10/2024,7:05AM,,,TCE,2002.5,NB,E2,1470,N,Z.hud,M,A,,28,115,26,53,"10g, hair sample","LS, AP, JZ"
5/10/2024,7:05AM,,,TCE,2002.5,NB,C2,1378,R,R.meg,F,A,L,22,58,14,52,9g,"LS, AP, JZ"
5/10/2024,7:05AM,,,TCE,2002.5,NB,D2,1469,R,P.leu,M,A,,30,62,17,55,9g,"LS, AP, JZ"
5/10/2024,7:05AM,,,TCE,2002.5,NB,D3,1444,R,P.leu,F,A,L,35,31,18,58,10g,"LS, AP, JZ"
5/10/2024,7:05AM,,,TCE,2002.5,NB,B3,1296,R,M.och,M,A,,33,25,18,69,9g,"LS, AP, JZ"
5/11/2024,7:19AM,51,windy,WH,1992,B,B2,1290,N,P.leu,M,A,,31,75,19,62,9g,"LS, AP, JZ, TL, MT"
5/11/2024,7:19AM,51,windy,WH,1992,B,B1,1322,N,P.leu,M,A,,31,21,18,63,9g,"LS, AP, JZ, TL, MT"
5/11/2024,7:19AM,51,windy,WH,1992,B,C1,1331,N,P.leu,F,A,PL,38,61,18,59,10g,"LS, AP, JZ, TL, MT"
5/11/2024,7:19AM,51,windy,L,2001,NB,D3,1303,N,M.och,F,A,PL,55,29,15,90,"11g, hair sample","LS, AP, JZ, TL, MT"
5/11/2024,7:19AM,51,windy,L,2001,NB,C2,1336,R,M.och,M,A,,51,39,18,77,15g,"LS, AP, JZ, TL, MT"
5/11/2024,7:19AM,51,windy,L,2001,NB,C3,1291,N,P.man,M,A,,29,54,15,55,10g,"LS, AP, JZ, TL, MT"
5/11/2024,7:19AM,51,windy,SB,2009,B,A3,1400,N,P.man,M,A,,31,56,16,57,12g,"LS, AP, JZ, TL, MT"
5/11/2024,7:19AM,51,windy,SB,2009,B,A5,1327,R,P.man,F,SA,,30,40,15,56,11g,"LS, AP, JZ, TL, MT"
5/11/2024,7:19AM,51,windy,SB,2009,B,C5,1438,R,P.man,M,A,,24,54,15,58,10g,"LS, AP, JZ, TL, MT"
5/11/2024,7:19AM,51,windy,SBEE,2009,B,B5,,TNC,,,,,,,,,,"LS, AP, JZ, TL, MT"
5/11/2024,7:19AM,51,windy,SBEE,2009,B,B1,,TNC,,,,,,,,,,"LS, AP, JZ, TL, MT"
5/11/2024,7:19AM,51,windy,SBEE,2009,B,E3,1298,N,P.man,M,A,,34,48,15,58,12g,"LS, AP, JZ, TL, MT"
5/11/2024,7:19AM,51,windy,TCE,2002.5,NB,C5,,T,,,,,,,,,,"LS, AP, JZ, TL, MT"
5/11/2024,7:19AM,51,windy,TCE,2002.5,NB,D3,1469,R,P.leu,M,A,,33,62,17,55,10g,"LS, AP, JZ, TL, MT"
5/11/2024,7:19AM,51,windy,TCE,2002.5,NB,E3,,R,,,,,26,,,,11g,"LS, AP, JZ, TL, MT"
5/11/2024,7:19AM,51,windy,TCE,2002.5,NB,C3,1456,R,,M,A,,25,51,17,53,11g,"LS, AP, JZ, TL, MT"
5/11/2024,7:19AM,51,windy,TCE,2002.5,NB,E1,1444,R,P.leu,F,A,L,33,31,18,58,10g,"LS, AP, JZ, TL, MT"
5/11/2024,7:19AM,51,windy,TC,2002.5,NB,C4,1294,R,M.och,F,A,P,36,25,13,74,10g,"LS, AP, JZ, TL, MT"
5/11/2024,7:19AM,51,windy,TC,2002.5,NB,C3,,T,,,,,,,,,,"LS, AP, JZ, TL, MT"
5/11/2024,7:19AM,51,windy,HF,2013,B,B5,,TNC,,,,,,,,,,"LS, AP, JZ, TL, MT"
5/11/2024,7:19AM,51,windy,HF,2013,B,B4,,TNC,,,,,,,,,,"LS, AP, JZ, TL, MT"
5/11/2024,7:19AM,51,windy,HF,2013,B,B3,,TNC,,,,,,,,,,"LS, AP, JZ, TL, MT"
5/11/2024,7:19AM,51,windy,HF,2013,B,A3,,TNC,,,,,,,,,,"LS, AP, JZ, TL, MT"
5/11/2024,7:19AM,51,windy,HF,2013,B,C2,,TNC,,,,,,,,,,"LS, AP, JZ, TL, MT"
5/11/2024,7:19AM,51,windy,HF,2013,B,B2,,TNC,,,,,,,,,,"LS, AP, JZ, TL, MT"
5/11/2024,7:19AM,51,windy,HF,2013,B,D2,,TNC,,,,,,,,,,"LS, AP, JZ, TL, MT"
5/11/2024,7:19AM,51,windy,HF,2013,B,D3,,TNC,,,,,,,,,,"LS, AP, JZ, TL, MT"
5/11/2024,7:19AM,51,windy,HF,2013,B,D4,,TNC,,,,,,,,,,"LS, AP, JZ, TL, MT"
5/11/2024,7:19AM,51,windy,HF,2013,B,A4,1324,R,P.man,M,A,,27,46,15,59,11g,"LS, AP, JZ, TL, MT"
5/11/2024,7:19AM,51,windy,HF,2013,B,A1,1463,N,P.man,F,A,,24,49,16,55,11g,"LS, AP, JZ, TL, MT"
5/11/2024,7:19AM,51,windy,HF,2013,B,C3,,N,P.man,,J,,18,37,12,47,"11g, too little for tag","LS, AP, JZ, TL, MT"
5/11/2024,7:19AM,51,windy,HF,2013,B,B1,1427,R,P.man,F,A,L,27,51,15,55,9g,"LS, AP, JZ, TL, MT"
5/11/2024,7:19AM,51,windy,HF,2013,B,C4,1396,N,P.man,M,SA,,21,47,15,48,9g,"LS, AP, JZ, TL, MT"
7/13/2024,7:09AM,70,sunny,WH,1992,B,A3,105,N,P.leu,M,A,,43,61,17,55,25g,"LS, AP, JL"
7/13/2024,7:09AM,70,sunny,WH,1992,B,A2,1475,N,P.leu,F,A,L,44,62,17,52,30g,"LS, AP, JL"
7/13/2024,7:09AM,70,sunny,WH,1992,B,B2,74,N,P.leu,M,A,,37,61,20,64,11g,"LS, AP, JL"
7/13/2024,7:09AM,70,sunny,WH,1992,B,D5,,TNC,,,,,,,,,,"LS, AP, JL"
7/13/2024,7:09AM,70,sunny,WH,1992,B,E2,,TNC,,,,,,,,,,"LS, AP, JL"
7/13/2024,7:09AM,70,sunny,WH,1992,B,D3,,E,P.leu,,,,,,,,no tail,"LS, AP, JL"
7/13/2024,7:09AM,70,sunny,WH,1992,B,E3,1436,N,P.man,F,A,L,26,60,17,52,13g,"LS, AP, JL"
7/13/2024,7:09AM,70,sunny,L,2001,NB,D3,1333,N,P.leu,F,A,PL,29,70,17,60,10g,"LS, AP, JL"
7/13/2024,7:09AM,70,sunny,L,2001,NB,A5,1382,N,P.man,M,A,,30,55,15,60,10g,"LS, AP, JL"
7/13/2024,7:09AM,70,sunny,HF,,B,E5,1324,R,P.man,M,A,,31,52,15,58,12g,"LS, AP, JL"
7/13/2024,7:09AM,70,sunny,SBEE,2009,B,B1,1438,R,P.man,M,A,,30,50,15,58,14g,"LS, AP, JL"
7/13/2024,7:09AM,70,sunny,SBEW,,B,A1,,TNC,,,,,,,,,,"LS, AP, JL"
7/13/2024,7:09AM,70,sunny,SBEW,,B,A2,248,N,P.man,M,A,,33,58,15,62,15g,"LS, AP, JL"
7/13/2024,7:09AM,70,sunny,SBEW,,B,A4,1387,N,P.man,M,A,,33,53,15,58,16g,"LS, AP, JL"
7/13/2024,7:09AM,70,sunny,TC,2002.5,NB,B4,1467,R,M.och,F,A,PL,44,25,15,83,10g,"LS, AP, JL"
7/13/2024,7:09AM,70,sunny,TC,2002.5,NB,C3,256,N,M.och,M,A,,42,30,15,90,10g,"LS, AP, JL"
7/13/2024,7:09AM,70,sunny,TCE,2002.5,NB,B4,141,N,P.man,M,A,,30,60,15,52,14g,"LS, AP, JL"
7/14/2024,8:00AM,,rain,WH,1992,B,B4,1411,N,P.leu,M,A,,31,60,18,57,9g,"LS, TL, JZ"
7/14/2024,8:00AM,,rain,WH,1992,B,C5,45,N,P.leu,M,A,,30,65,17,58,9g,"LS, TL, JZ"
7/14/2024,8:00AM,,rain,WH,1992,B,B2,1440,N,P.leu,M,A,,34,61,18,61,9g,"LS, TL, JZ"
7/14/2024,8:00AM,,rain,WH,1992,B,A3,1414,N,P.leu,M,SA,,23,66,17,49,9g,"LS, TL, JZ"
7/14/2024,8:00AM,,rain,WH,1992,B,D4,,N,P.leu,M,A,,33,,,,"9g, short tail","LS, TL, JZ"
7/14/2024,8:00AM,,rain,WH,1992,B,D2,1443,N,P.leu,M,A,,,54,18,51,9g,"LS, TL, JZ"
7/14/2024,8:00AM,,rain,SB,2009,B,A5,,D,,,,,,,,,deceaced ,"LS, TL, JZ"
7/14/2024,8:00AM,,rain,SB,2009,B,A3,,TNC,,,,,,,,,,"LS, TL, JZ"
7/14/2024,8:00AM,,rain,SBEE,2009,B,B5,1374,N,P.man,M,A,,33,46,15,62,11g,"LS, TL, JZ"
7/14/2024,8:00AM,,rain,SBEW,,B,A5,1448,N,P.man,M,A,,29,51,15,56,10g,"LS, TL, JZ"
7/14/2024,8:00AM,,rain,TCE,2002.5,NB,B4,250,N,P.leu,M,A,,33,69,18,56,14g,"LS, TL, JZ"
7/14/2024,8:00AM,,rain,TCE,2002.5,NB,B2,141,R,P.man,M,A,,26,60,15,52,10g,"LS, TL, JZ"
7/14/2024,8:00AM,,rain,TCE,2002.5,NB,E3,1459,N,P.leu,F,A,PL,33,35,17,52,10g,"LS, TL, JZ"
7/14/2024,8:00AM,,rain,TCE,2002.5,NB,C2,65,N,P.leu,M,A,,32,73,17,58,10g,"LS, TL, JZ"
7/14/2024,8:00AM,,rain,L,2001,NB,B3,1416,N,P.leu,F,A,PL,30,75,17,51,10g,"LS, TL, JZ"
7/14/2024,8:00AM,,rain,HF,2013,B,C5,1428,N,P.man,M,A,,27,58,15,63,11g,"LS, TL, JZ"
7/14/2024,8:00AM,,rain,HF,2013,,D2,,TNC,,,,,,,,,,"LS, TL, JZ"
7/15/2024,7:00AM,72,sunny,WH,1992,B,E5,,TNC,,,,,,,,,,"LS, DM, AF"
7/15/2024,7:00AM,72,sunny,WH,1992,B,D4,,TNC,,,,,,,,,,"LS, DM, AF"
7/15/2024,7:00AM,72,sunny,WH,1992,B,E1,,TNC,,,,,,,,,,"LS, DM, AF"
7/15/2024,7:00AM,72,sunny,WH,1992,B,A3,1381,N,P.leu,F,SA,,25,63,17,55,10g,"LS, DM, AF"
7/15/2024,7:00AM,72,sunny,WH,1992,B,A2,1373,N,P.leu,M,A,,30,73,19,51,10g,"LS, DM, AF"
7/15/2024,7:00AM,72,sunny,WH,1992,B,A1,1391,R,P.leu,M,A,,47,81,19,65,18g,"LS, DM, AF"
7/15/2024,7:00AM,72,sunny,WH,1992,B,E2,1475,R,P.leu,F,A,L,25,62,17,52,10g,"LS, DM, AF"
7/15/2024,7:00AM,72,sunny,WH,1992,B,D3,129,N,P.leu,M,A,,28,65,18,58,10g,"LS, DM, AF"
7/15/2024,7:00AM,72,sunny,WH,1992,B,B2,159,N,P.leu,M,A,,38,65,18,60,17g,"LS, DM, AF"
7/15/2024,7:00AM,72,sunny,WH,1992,B,B4,,R,,,,,,,,,no tail,"LS, DM, AF"
7/15/2024,7:00AM,72,sunny,WH,1992,B,B3,1331,R,P.leu,M,A,,35,69,18,61,10g,"LS, DM, AF"
7/15/2024,7:00AM,72,sunny,WH,1992,B,D2,1280,N,P.leu,M,A,,32,69,17,59,14g,"LS, DM, AF"
7/15/2024,7:00AM,72,sunny,WH,1992,B,C2,,TNC,,,,,,,,,,"LS, DM, AF"
7/15/2024,7:00AM,72,sunny,SB,2009,B,D3,,TNC,,,,,,,,,,"LS, DM, AF"
7/15/2024,7:00AM,72,sunny,SB,2009,B,D5,,TNC,,,,,,,,,,"LS, DM, AF"
7/15/2024,7:00AM,72,sunny,SB,2009,B,E5,,TNC,,,,,,,,,,"LS, DM, AF"
7/15/2024,7:00AM,72,sunny,SB,2009,B,C4,210,N,M.och,M,A,,42,37,15,82,10g,"LS, DM, AF"
7/15/2024,7:00AM,72,sunny,SB,2009,B,B4,1438,R,P.man,M,A,,25,53,15,55,10g,"LS, DM, AF"
7/15/2024,7:00AM,72,sunny,SBEE,2009,B,A5,1306,N,P.man,M,A,,32,48,15,59,10g,"LS, DM, AF"
7/15/2024,7:00AM,72,sunny,SBEE,2009,B,B2,,TNC,,,,,,,,,,"LS, DM, AF"
7/15/2024,7:00AM,72,sunny,SBEW,,B,A5,,TNC,,,,,,,,,,"LS, DM, AF"
7/15/2024,7:00AM,72,sunny,SBEW,,B,B5,,TNC,,,,,,,,,,"LS, DM, AF"
7/15/2024,7:00AM,72,sunny,SBEW,,B,A4,1448,R,P.man,M,A,,27,51,15,56,11g,"LS, DM, AF"
7/15/2024,7:00AM,72,sunny,TC,2002.5,NB,C3,256,R,M.och,M,A,,43,30,15,90,10g,"LS, DM, AF"
7/15/2024,7:00AM,72,sunny,TC,2002.5,NB,B2,1359,N,P.man,M,A,,25,48,15,52,10g,"LS, DM, AF"
7/15/2024,7:00AM,72,sunny,TC,2002.5,NB,A4,,TNC,,,,,,,,,,"LS, DM, AF"
7/15/2024,7:00AM,72,sunny,TCE,2002.5,NB,C2,1464,N,P.leu,M,A,,30,71,19,58,10g,"LS, DM, AF"
7/15/2024,7:00AM,72,sunny,TCE,2002.5,NB,B2,141,R,P.man,M,A,,26,60,15,52,11g,"LS, DM, AF"
7/15/2024,7:00AM,72,sunny,L,2001,NB,A4,,TNC,,,,,,,,,,"LS, DM, AF"
7/15/2024,7:00AM,72,sunny,L,2001,NB,C5,1382,R,P.man,M,A,,31,55,15,60,11g,"LS, DM, AF"
7/15/2024,7:00AM,72,sunny,L,2001,NB,D2,1625,N,I.tri,M,A,,,100,35,120,,"LS, DM, AF"
7/15/2024,7:00AM,72,sunny,HF,2013,B,E5,1439,N,M.och,M,A,,49,29,15,90,11g,"LS, DM, AF"
7/15/2024,7:00AM,72,sunny,HF,2013,B,E3,1324,R,P.man,M,A,,30,52,15,58,10g,"LS, DM, AF"
7/15/2024,7:00AM,72,sunny,HF,2013,B,E1,1401,N,P.man,M,A,,30,48,15,53,11g,"LS, DM, AF"
7/15/2024,7:00AM,72,sunny,HF,2013,B,D2,,TNC,,,,,,,,,,"LS, DM, AF"
7/16/2024,7:25AM,68,cloudy,WH,1992,B,E5,,TNC,,,,,,,,,,"LS, AP, KE, JL, AL"
7/16/2024,7:25AM,68,cloudy,WH,1992,B,E3,,TNC,,,,,,,,,,"LS, AP, KE, JL, AL"
7/16/2024,7:25AM,68,cloudy,WH,1992,B,B3,,TNC,,,,,,,,,,"LS, AP, KE, JL, AL"
7/16/2024,7:25AM,68,cloudy,WH,1992,B,B1,,TNC,,,,,,,,,,"LS, AP, KE, JL, AL"
7/16/2024,7:25AM,68,cloudy,WH,1992,B,B4,,R,,,,,32,,,,"10g, no tail","LS, AP, KE, JL, AL"
7/16/2024,7:25AM,68,cloudy,WH,1992,B,E1,1475,R,P.leu,F,A,L,26,62,17,52,11g,"LS, AP, KE, JL, AL"
7/16/2024,7:25AM,68,cloudy,WH,1992,B,D1,190,N,P.leu,M,A,,33,58,19,65,10g,"LS, AP, KE, JL, AL"
7/16/2024,7:25AM,68,cloudy,WH,1992,B,A3,1381,R,P.leu,F,SA,,24,63,17,55,10g,"LS, AP, KE, JL, AL"
7/16/2024,7:25AM,68,cloudy,WH,1992,B,A2,109,N,P.leu,M,A,,29,71,19,52,11g,"LS, AP, KE, JL, AL"
7/16/2024,7:25AM,68,cloudy,WH,1992,B,A1,1391,R,P.leu,M,A,,39,81,19,65,10g,"LS, AP, KE, JL, AL"
7/16/2024,7:25AM,68,cloudy,WH,1992,B,C3,129,R,P.leu,M,A,,27,65,18,58,11g,"LS, AP, KE, JL, AL"
7/16/2024,7:25AM,68,cloudy,WH,1992,B,D2,1347,N,P.leu,M,A,,27,59,17,52,11g,"LS, AP, KE, JL, AL"
7/16/2024,7:25AM,68,cloudy,WH,1992,B,D4,1434,N,P.leu,M,A,,28,70,19,56,11g,"LS, AP, KE, JL, AL"
7/16/2024,7:25AM,68,cloudy,SB,2009,B,A5,,E,,,,,,,,,escaped,"LS, AP, KE, JL, AL"
7/16/2024,7:25AM,68,cloudy,SB,2009,B,C5,,TNC,,,,,,,,,,"LS, AP, KE, JL, AL"
7/16/2024,7:25AM,68,cloudy,SB,2009,B,C2,,TNC,,,,,,,,,,"LS, AP, KE, JL, AL"
7/16/2024,7:25AM,68,cloudy,SBEE,2009,B,B5,1446,R,P.man,F,A,L,28,57,15,52,10g,"LS, AP, KE, JL, AL"
7/16/2024,7:25AM,68,cloudy,SBEE,2009,B,C5,,TNC,,,,,,,,,,"LS, AP, KE, JL, AL"
7/16/2024,7:25AM,68,cloudy,SBEE,2009,B,C4,,TNC,,,,,,,,,,"LS, AP, KE, JL, AL"
7/16/2024,7:25AM,68,cloudy,SBEW,,B,E1,1423,N,P.man,F,A,,23,49,15,51,10g,"LS, AP, KE, JL, AL"
7/16/2024,7:25AM,68,cloudy,SBEW,,B,B3,1299,N,P.man,F,A,,26,57,15,56,11g,"LS, AP, KE, JL, AL"
7/16/2024,7:25AM,68,cloudy,SBEW,,B,A2,1465,N,P.man,M,A,,26,58,15,54,10g,"LS, AP, KE, JL, AL"
7/16/2024,7:25AM,68,cloudy,SBEW,,B,A4,1448,R,P.man,M,A,,25,51,15,56,10g,"LS, AP, KE, JL, AL"
7/16/2024,7:25AM,68,cloudy,TC,2002.5,NB,B3,256,R,M.och,M,A,,42,30,15,90,11g,"LS, AP, KE, JL, AL"
7/16/2024,7:25AM,68,cloudy,TC,2002.5,NB,B4,1467,R,M.och,F,A,PL,41,25,15,83,11g,"LS, AP, KE, JL, AL"
7/16/2024,7:25AM,68,cloudy,TCE,2002.5,NB,B2,141,R,P.man,M,A,,28,60,15,52,11g,"LS, AP, KE, JL, AL"
7/16/2024,7:25AM,68,cloudy,TCE,2002.5,NB,B4,1385,N,P.leu,M,A,,27,75,18,58,10g,"LS, AP, KE, JL, AL"
7/16/2024,7:25AM,68,cloudy,TCE,2002.5,NB,C4,165,N,P.leu,M,A,,29,68,17,54,10g,"LS, AP, KE, JL, AL"
7/16/2024,7:25AM,68,cloudy,HF,2013,B,C4,1398,N,M.och,M,A,,55,25,16,80,10g,"LS, AP, KE, JL, AL"
7/16/2024,7:25AM,68,cloudy,HF,2013,B,A3,1450,N,M.och,F,A,L,55,33,15,80,10g,"LS, AP, KE, JL, AL"
7/16/2024,7:25AM,68,cloudy,HF,2013,B,A4,1431,N,M.och,F,A,PL,50,30,15,79,11g,"LS, AP, KE, JL, AL"
7/16/2024,7:25AM,68,cloudy,HF,2013,B,A5,1439,R,M.och,M,A,,45,29,15,90,11g,"LS, AP, KE, JL, AL"
7/16/2024,7:25AM,68,cloudy,L,2001,NB,C5,1382,R,P.man,M,A,,30,55,15,60,10g,"LS, AP, KE, JL, AL"
7/17/2024,7:07AM,65,sunny,WH,1992,B,E3,,TNC,,,,,,,,,,"LS, DM, JS"
7/17/2024,7:07AM,65,sunny,WH,1992,B,E2,,TNC,,,,,,,,,,"LS, DM, JS"
7/17/2024,7:07AM,65,sunny,WH,1992,B,C2,,TNC,,,,,,,,,,"LS, DM, JS"
7/17/2024,7:07AM,65,sunny,WH,1992,B,D3,,TNC,,,,,,,,,,"LS, DM, JS"
7/17/2024,7:07AM,65,sunny,WH,1992,B,A3,253,N,P.leu,F,A,,27,70,17,52,10g,"LS, DM, JS"
7/17/2024,7:07AM,65,sunny,WH,1992,B,D2,1407,N,P.leu,M,A,,32,60,19,61,10g,"LS, DM, JS"
7/17/2024,7:07AM,65,sunny,WH,1992,B,A1,1391,R,P.leu,M,A,,38,81,19,65,10g,"LS, DM, JS"
7/17/2024,7:07AM,65,sunny,WH,1992,B,B3,29,N,P.leu,M,A,,28,71,18,59,10g,"LS, DM, JS"
7/17/2024,7:07AM,65,sunny,WH,1992,B,B4,,R,,,,,30,,,,"10g, no tail","LS, DM, JS"
7/17/2024,7:07AM,65,sunny,WH,1992,B,D4,129,R,P.leu,M,A,,28,65,18,58,11g,"LS, DM, JS"
7/17/2024,7:07AM,65,sunny,WH,1992,B,D5,1284,N,P.leu,F,A,L,25,55,18,50,11g,"LS, DM, JS"
7/17/2024,7:07AM,65,sunny,SB,2009,B,A3,1376,N,M.och,F,A,L,55,31,15,70,10g,"LS, DM, JS"
7/17/2024,7:07AM,65,sunny,SB,2009,B,B5,1438,R,P.man,M,A,,27,53,15,55,10g,"LS, DM, JS"
7/17/2024,7:07AM,65,sunny,SB,2009,B,B4,1426,N,M.och,M,A,,47,35,16,85,14g,"LS, DM, JS"
7/17/2024,7:07AM,65,sunny,SBEE,2009,B,E5,1446,R,P.man,F,A,L,28,51,15,60,11g,"LS, DM, JS"
7/17/2024,7:07AM,65,sunny,SBEE,2009,B,E4,1422,N,M.och,M,A,,37,39,15,70,10g,"LS, DM, JS"
7/17/2024,7:07AM,65,sunny,SBEW,,B,A2,1448,R,P.man,M,A,,27,51,15,56,10g,"LS, DM, JS"
7/17/2024,7:07AM,65,sunny,SBEW,,B,E1,1468,N,P.man,F,SA,,22,53,15,53,10g,"LS, DM, JS"
7/17/2024,7:07AM,65,sunny,TC,2002.5,NB,D1,1467,R,M.och,F,A,PL,37,25,15,83,10g,"LS, DM, JS"
7/17/2024,7:07AM,65,sunny,TC,2002.5,NB,D4,1285,R,M.och,M,A,,45,28,15,81,10g,"LS, DM, JS"
7/17/2024,7:07AM,65,sunny,TCE,2002.5,NB,E3,1459,R,P.leu,F,A,PL,31,35,17,52,10g,"LS, DM, JS"
7/17/2024,7:07AM,65,sunny,TCE,2002.5,NB,C2,165,R,P.leu,M,A,,26,68,17,59,10g,"LS, DM, JS"
7/17/2024,7:07AM,65,sunny,TCE,2002.5,NB,B2,141,R,P.man,M,A,,25,60,15,52,10g,"LS, DM, JS"
7/17/2024,7:07AM,65,sunny,L,2001,NB,A1,1382,R,P.man,M,A,,26,55,15,60,10g,"LS, DM, JS"
7/17/2024,7:07AM,65,sunny,L,2001,NB,B4,1430,N,M.och,M,A,,33,28,16,67,12g,"LS, DM, JS"
7/17/2024,7:07AM,65,sunny,HF,2013,B,A3,1450,R,M.och,F,A,L,55,33,15,80,10g,"LS, DM, JS"
7/17/2024,7:07AM,65,sunny,HF,2013,B,C5,1428,R,P.man,M,A,,30,58,15,63,13g,"LS, DM, JS"
7/17/2024,7:07AM,65,sunny,HF,2013,B,A4,,TNC,,,,,,,,,,"LS, DM, JS"
7/17/2024,7:07AM,65,sunny,HF,2013,B,B3,,TNC,,,,,,,,,,"LS, DM, JS"
7/17/2024,7:07AM,65,sunny,HF,2013,B,D3,,TNC,,,,,,,,,,"LS, DM, JS"
7/17/2024,7:07AM,65,sunny,HF,2013,B,D2,,TNC,,,,,,,,,,"LS, DM, JS"
7/18/2024,7:15AM,59,sunny,WH,1992,B,C4,,TNC,,,,,,,,,,"LS, KE, AL, CS"
7/18/2024,7:15AM,59,sunny,WH,1992,B,E5,,TNC,,,,,,,,,,"LS, KE, AL, CS"
7/18/2024,7:15AM,59,sunny,WH,1992,B,E3,,TNC,,,,,,,,,,"LS, KE, AL, CS"
7/18/2024,7:15AM,59,sunny,WH,1992,B,E2,,TNC,,,,,,,,,,"LS, KE, AL, CS"
7/18/2024,7:15AM,59,sunny,WH,1992,B,E1,,TNC,,,,,,,,,,"LS, KE, AL, CS"
7/18/2024,7:15AM,59,sunny,WH,1992,B,C2,,TNC,,,,,,,,,,"LS, KE, AL, CS"
7/18/2024,7:15AM,59,sunny,WH,1992,B,B2,,TNC,,,,,,,,,,"LS, KE, AL, CS"
7/18/2024,7:15AM,59,sunny,WH,1992,B,D3,,TNC,,,,,,,,,,"LS, KE, AL, CS"
7/18/2024,7:15AM,59,sunny,WH,1992,B,A3,,R,P.leu,M,A,,30,,,,"10g, no tail","LS, KE, AL, CS"
7/18/2024,7:15AM,59,sunny,WH,1992,B,D5,110,N,P.leu,M,A,,28,76,18,59,11g,"LS, KE, AL, CS"
7/18/2024,7:15AM,59,sunny,WH,1992,B,D4,129,R,P.leu,M,A,,27,65,18,58,10g,"LS, KE, AL, CS"
7/18/2024,7:15AM,59,sunny,WH,1992,B,A1,1331,R,P.leu,M,A,,31,69,18,61,10g,"LS, KE, AL, CS"
7/18/2024,7:15AM,59,sunny,WH,1992,B,B3,1313,N,P.leu,M,A,,31,74,18,60,10g,"LS, KE, AL, CS"
7/18/2024,7:15AM,59,sunny,WH,1992,B,D2,1433,N,P.leu,F,A,,24,60,17,51,11g,"LS, KE, AL, CS"
7/18/2024,7:15AM,59,sunny,WH,1992,B,D1,,E,,,,,,,,,escaped,"LS, KE, AL, CS"
7/18/2024,7:15AM,59,sunny,HF,2013,B,A5,230,N,P.man,M,A,,26,55,15,52,10g,"LS, KE, AL, CS"
7/18/2024,7:15AM,59,sunny,HF,2013,B,A2,1427,R,P.man,F,A,PL,33,55,15,65,13g,"LS, KE, AL, CS"
7/18/2024,7:15AM,59,sunny,HF,2013,B,A4,,TNC,,,,,,,,,,"LS, KE, AL, CS"
7/18/2024,7:15AM,59,sunny,HF,2013,B,B3,1450,R,M.och,F,A,L,44,31,15,83,11g,"LS, KE, AL, CS"
7/18/2024,7:15AM,59,sunny,L,2001,NB,D2,1430,R,M.och,M,A,,30,34,16,65,10g,"LS, KE, AL, CS"
7/18/2024,7:15AM,59,sunny,L,2001,NB,C5,,TNC,,,,,,,,,,"LS, KE, AL, CS"
7/18/2024,7:15AM,59,sunny,L,2001,NB,A5,1342,R,M.och,F,A,L,47,33,16,80,11g,"LS, KE, AL, CS"
7/18/2024,7:15AM,59,sunny,L,2001,NB,B5,1382,R,P.man,M,A,,34,55,15,60,15g,"LS, KE, AL, CS"
7/18/2024,7:15AM,59,sunny,SB,2009,B,B1,1360,N,M.och,F,A,L,43,32,16,80,10g,"LS, KE, AL, CS"
7/18/2024,7:15AM,59,sunny,SB,2009,B,E4,1312,N,M.och,M,A,,53,30,15,85,13g,"LS, KE, AL, CS"
7/18/2024,7:15AM,59,sunny,SB,2009,B,A5,1369,N,P.man,M,A,,29,56,16,55,10g,"LS, KE, AL, CS"
7/18/2024,7:15AM,59,sunny,SB,2009,B,C4,1376,R,M.och,F,A,L,54,31,15,70,11g,"LS, KE, AL, CS"
7/18/2024,7:15AM,59,sunny,SB,2009,B,A4,,TNC,,,,,,,,,,"LS, KE, AL, CS"
7/18/2024,7:15AM,59,sunny,SBEE,2009,B,D5,1446,R,P.man,F,A,L,29,51,15,60,10g,"LS, KE, AL, CS"
7/18/2024,7:15AM,59,sunny,SBEE,2009,B,A1,1309,N,P.man,M,A,,29,50,15,59,11g,"LS, KE, AL, CS"
7/18/2024,7:15AM,59,sunny,SBEE,2009,B,E2,1422,R,M.och,M,A,,38,39,15,70,11g,"LS, KE, AL, CS"
7/18/2024,7:15AM,59,sunny,SBEW,,B,E1,321,N,P.man,M,A,,25,59,15,53,10g,"LS, KE, AL, CS"
7/18/2024,7:15AM,59,sunny,SBEW,,B,A5,1448,R,P.man,M,A,,31,51,15,56,13g,"LS, KE, AL, CS"
7/18/2024,7:15AM,59,sunny,SBEW,,B,A2,1465,R,P.man,M,A,,25,60,16,50,10g,"LS, KE, AL, CS"
7/18/2024,7:15AM,59,sunny,TC,2002.5,NB,D4,198,N,M.och,M,A,,44,35,16,80,10g,"LS, KE, AL, CS"
7/18/2024,7:15AM,59,sunny,TC,2002.5,NB,E4,1467,R,M.och,F,A,PL,39,25,15,83,11g,"LS, KE, AL, CS"
7/18/2024,7:15AM,59,sunny,TC,2002.5,NB,C5,256,R,M.och,F,A,,41,25,12,72,10g,"LS, KE, AL, CS"
7/18/2024,7:15AM,59,sunny,TC,2002.5,NB,E3,1285,R,M.och,M,A,,43,28,15,81,10g,"LS, KE, AL, CS"
7/18/2024,7:15AM,59,sunny,TC,2002.5,NB,C3,,T,,,,,,,,,,"LS, KE, AL, CS"
7/18/2024,7:15AM,59,sunny,TCE,2002.5,NB,B4,1535,N,I.tri,F,A,,110,35,30,95,31g,"LS, KE, AL, CS"
7/18/2024,7:15AM,59,sunny,TCE,2002.5,NB,B2,141,R,P.man,M,A,,25,60,15,52,10g,"LS, KE, AL, CS"
7/18/2024,7:15AM,59,sunny,TCE,2002.5,NB,C2,165,R,P.leu,M,A,,27,68,17,54,11g,"LS, KE, AL, CS"
7/19/2024,7:14AM,70,sunny,SBEW,,B,C3,,TNC,,,,,,,,,,"LS, TL, AP, HJ, AG"
7/19/2024,7:14AM,70,sunny,SBEW,,B,E1,,TNC,,,,,,,,,,"LS, TL, AP, HJ, AG"
7/19/2024,7:14AM,70,sunny,SBEW,,B,B5,1448,R,P.man,M,A,,25,51,15,56,10g,"LS, TL, AP, HJ, AG"
7/19/2024,7:14AM,70,sunny,SBEW,,B,A1,280,N,P.man,M,A,,25,60,16,51,10g,"LS, TL, AP, HJ, AG"
7/19/2024,7:14AM,70,sunny,SBEE,2009,B,B4,1446,R,P.man,F,A,L,27,51,15,60,10g,"LS, TL, AP, HJ, AG"
7/19/2024,7:14AM,70,sunny,SBEE,2009,B,E2,1422,R,M.och,M,A,,36,39,15,70,10g,"LS, TL, AP, HJ, AG"
7/19/2024,7:14AM,70,sunny,SB,2009,B,A3,1369,R,P.man,M,A,,31,56,16,55,10g,"LS, TL, AP, HJ, AG"
7/19/2024,7:14AM,70,sunny,SB,2009,B,A4,1376,R,M.och,F,A,L,51,31,15,70,11g,"LS, TL, AP, HJ, AG"
7/19/2024,7:14AM,70,sunny,TC,2002.5,NB,C5,1300,N,M.och,M,A,,45,34,16,82,10g,"LS, TL, AP, HJ, AG"
7/19/2024,7:14AM,70,sunny,TC,2002.5,NB,C4,1285,R,M.och,M,A,,44,28,15,81,10g,"LS, TL, AP, HJ, AG"
7/19/2024,7:14AM,70,sunny,TC,2002.5,NB,C3,,E,,,,,,,,,escaped,"LS, TL, AP, HJ, AG"
7/19/2024,7:14AM,70,sunny,TC,2002.5,NB,E3,1467,R,M.och,F,A,PL,42,25,15,83,12g,"LS, TL, AP, HJ, AG"
7/19/2024,7:14AM,70,sunny,TC,2002.5,NB,D4,256,R,M.och,F,A,,36,25,12,72,10g,"LS, TL, AP, HJ, AG"
7/19/2024,7:14AM,70,sunny,TC,2002.5,NB,E5,,TNC,,,,,,,,,,"LS, TL, AP, HJ, AG"
7/19/2024,7:14AM,70,sunny,TC,2002.5,NB,E4,,TNC,,,,,,,,,,"LS, TL, AP, HJ, AG"
7/19/2024,7:14AM,70,sunny,TCE,2002.5,NB,D5,1288,N,P.leu,M,A,,33,79,18,58,11g,"LS, TL, AP, HJ, AG"
7/19/2024,7:14AM,70,sunny,TCE,2002.5,NB,B3,141,R,P.man,M,A,,28,60,15,52,13g,"LS, TL, AP, HJ, AG"
7/19/2024,7:14AM,70,sunny,TCE,2002.5,NB,D4,,TNC,,,,,,,,,,"LS, TL, AP, HJ, AG"
7/19/2024,7:14AM,70,sunny,TCE,2002.5,NB,E3,1459,R,P.leu,F,A,PL,33,35,17,52,10g,"LS, TL, AP, HJ, AG"
7/19/2024,7:14AM,70,sunny,TCE,2002.5,NB,D1,165,R,P.leu,M,A,,28,68,17,54,10g,"LS, TL, AP, HJ, AG"
7/19/2024,7:14AM,70,sunny,HF,2013,B,A5,347,N,M.och,F,A,PL,52,30,14,85,11g,"LS, TL, AP, HJ, AG"
7/19/2024,7:14AM,70,sunny,HF,2013,B,E5,1364,N,M.och,M,A,,51,32,17,87,10g,"LS, TL, AP, HJ, AG"
7/19/2024,7:14AM,70,sunny,HF,2013,B,C4,1398,R,M.och,M,A,,51,26,15,79,10g,"LS, TL, AP, HJ, AG"
7/19/2024,7:14AM,70,sunny,HF,2013,B,A2,1427,R,P.man,F,A,PL,30,51,15,59,10g,"LS, TL, AP, HJ, AG"
7/19/2024,7:14AM,70,sunny,HF,2013,B,B4,1450,R,M.och,F,A,L,46,32,15,80,10g,"LS, TL, AP, HJ, AG"
7/19/2024,7:14AM,70,sunny,HF,2013,B,B3,1297,N,M.och,M,A,,48,33,16,79,10g,"LS, TL, AP, HJ, AG"
7/19/2024,7:14AM,70,sunny,HF,2013,B,C2,1365,R,P.man,F,A,L,26,53,15,48,11g,"LS, TL, AP, HJ, AG"
7/19/2024,7:14AM,70,sunny,HF,2013,B,D2,1348,N,M.och,M,A,,49,35,15,86,10g,"LS, TL, AP, HJ, AG"
7/19/2024,7:14AM,70,sunny,HF,2013,B,D1,1334,N,M.och,F,A,L,52,39,16,95,10g,"LS, TL, AP, HJ, AG"
7/19/2024,7:14AM,70,sunny,HF,2013,B,B2,219,N,M.och,F,A,L,56,33,16,75,10g,"LS, TL, AP, HJ, AG"
7/19/2024,7:14AM,70,sunny,L,2001,NB,D2,1430,R,M.och,F,A,P,29,30,16,71,10g,"LS, TL, AP, HJ, AG"
7/19/2024,7:14AM,70,sunny,L,2001,NB,B3,1302,N,R.meg,M,A,,19,63,15,48,10g,"LS, TL, AP, HJ, AG"
7/19/2024,7:14AM,70,sunny,L,2001,NB,C5,1382,R,P.man,M,A,,30,55,15,60,10g,"LS, TL, AP, HJ, AG"
7/19/2024,7:14AM,70,sunny,L,2001,NB,A5,1342,R,M.och,F,A,,46,34,16,80,10g,"LS, TL, AP, HJ, AG"
7/19/2024,7:14AM,70,sunny,L,2001,NB,B5,217,N,M.och,M,A,,46,32,16,82,10g,"LS, TL, AP, HJ, AG"
7/19/2024,7:14AM,70,sunny,WH,1992,B,E5,,TNC,,,,,,,,,,"LS, TL, AP, HJ, AG"
7/19/2024,7:14AM,70,sunny,WH,1992,B,A5,,TNC,,,,,,,,,,"LS, TL, AP, HJ, AG"
7/19/2024,7:14AM,70,sunny,WH,1992,B,A4,,TNC,,,,,,,,,,"LS, TL, AP, HJ, AG"
7/19/2024,7:14AM,70,sunny,WH,1992,B,E1,,TNC,,,,,,,,,,"LS, TL, AP, HJ, AG"
7/19/2024,7:14AM,70,sunny,WH,1992,B,E2,,TNC,,,,,,,,,,"LS, TL, AP, HJ, AG"
7/19/2024,7:14AM,70,sunny,WH,1992,B,A2,,TNC,,,,,,,,,,"LS, TL, AP, HJ, AG"
7/19/2024,7:14AM,70,sunny,WH,1992,B,B4,1283,N,P.leu,M,A,,31,58,18,71,10g,"LS, TL, AP, HJ, AG"
7/19/2024,7:14AM,70,sunny,WH,1992,B,E4,7,N,M.och,F,A,P,25,20,14,55,10g,"LS, TL, AP, HJ, AG"
7/19/2024,7:14AM,70,sunny,WH,1992,B,A3,,E,,,,,,,,,escaped,"LS, TL, AP, HJ, AG"
7/19/2024,7:14AM,70,sunny,WH,1992,B,C3,129,R,P.leu,M,A,,24,65,17,62,10g,"LS, TL, AP, HJ, AG"
7/19/2024,7:14AM,70,sunny,WH,1992,B,A1,1391,R,P.leu,M,A,,31,81,19,65,10g,"LS, TL, AP, HJ, AG"
7/19/2024,7:14AM,70,sunny,WH,1992,B,D1,1277,N,P.leu,M,A,,31,58,18,65,10g,"LS, TL, AP, HJ, AG"
7/19/2024,7:14AM,70,sunny,WH,1992,B,D2,1433,R,P.leu,F,A,,24,60,17,51,10g,"LS, TL, AP, HJ, AG"
7/20/2024,7:40AM,62,sunny,HF,2013,B,B5,,TNC,,,,,,,,,,"LS, AP, TL, AF, RW, RK, JL, DM"
7/20/2024,7:40AM,62,sunny,HF,2013,B,A2,1450,R,M.och,F,A,L,39,32,15,80,10g,"LS, AP, TL, AF, RW, RK, JL, DM"
7/20/2024,7:40AM,62,sunny,HF,2013,B,C4,1287,N,M.och,M,A,,45,34,16,82,10g,"LS, AP, TL, AF, RW, RK, JL, DM"
7/20/2024,7:40AM,62,sunny,HF,2013,B,E5,308,N,M.och,M,A,,39,32,17,72,10g,"LS, AP, TL, AF, RW, RK, JL, DM"
7/20/2024,7:40AM,62,sunny,HF,2013,B,E2,1365,R,P.man,F,A,L,29,53,15,48,13g,"LS, AP, TL, AF, RW, RK, JL, DM"
7/20/2024,7:40AM,62,sunny,HF,2013,B,D5,1292,N,M.och,M,A,,44,37,15,82,10g,"LS, AP, TL, AF, RW, RK, JL, DM"
7/20/2024,7:40AM,62,sunny,HF,2013,B,C3,307,N,M.och,F,A,L,44,26,15,77,10g,"LS, AP, TL, AF, RW, RK, JL, DM"
7/20/2024,7:40AM,62,sunny,HF,2013,B,B2,219,R,M.och,F,A,L,42,33,16,75,10g,"LS, AP, TL, AF, RW, RK, JL, DM"
7/20/2024,7:40AM,62,sunny,HF,2013,B,D4,1364,R,M.och,M,A,,52,32,17,87,10g,"LS, AP, TL, AF, RW, RK, JL, DM"
7/20/2024,7:40AM,62,sunny,HF,2013,B,D2,267,N,M.och,M,A,,53,30,15,85,10g,"LS, AP, TL, AF, RW, RK, JL, DM"
7/20/2024,7:40AM,62,sunny,HF,2013,B,D1,223,N,M.och,M,A,,34,32,16,73,10g,"LS, AP, TL, AF, RW, RK, JL, DM"
7/20/2024,7:40AM,62,sunny,SB,2009,B,A3,1369,R,P.man,M,A,,28,56,16,55,10g,"LS, AP, TL, AF, RW, RK, JL, DM"
7/20/2024,7:40AM,62,sunny,SB,2009,B,B3,232,N,M.och,F,A,PL,48,32,15,83,10g,"LS, AP, TL, AF, RW, RK, JL, DM"
7/20/2024,7:40AM,62,sunny,SB,2009,B,E4,1312,R,M.och,M,A,,53,30,15,85,14g,"LS, AP, TL, AF, RW, RK, JL, DM"
7/20/2024,7:40AM,62,sunny,SB,2009,B,A5,1438,R,P.man,M,A,,25,53,15,55,10g,"LS, AP, TL, AF, RW, RK, JL, DM"
7/20/2024,7:40AM,62,sunny,SB,2009,B,E5,1422,R,M.och,M,A,,39,39,15,70,10g,"LS, AP, TL, AF, RW, RK, JL, DM"
7/20/2024,7:40AM,62,sunny,SBEE,2009,B,B5,1446,R,P.man,F,A,L,28,51,15,60,11g,"LS, AP, TL, AF, RW, RK, JL, DM"
7/20/2024,7:40AM,62,sunny,SBEE,2009,B,B4,1306,R,P.man,M,A,,30,48,15,59,10g,"LS, AP, TL, AF, RW, RK, JL, DM"
7/20/2024,7:40AM,62,sunny,SBEE,2009,B,C2,,TNC,,,,,,,,,,"LS, AP, TL, AF, RW, RK, JL, DM"
7/20/2024,7:40AM,62,sunny,SBEE,2009,B,C1,,TNC,,,,,,,,,,"LS, AP, TL, AF, RW, RK, JL, DM"
7/20/2024,7:40AM,62,sunny,SBEW,,B,B2,,TNC,,,,,,,,,,"LS, AP, TL, AF, RW, RK, JL, DM"
7/20/2024,7:40AM,62,sunny,SBEW,,B,E1,158,N,P.man,M,A,,27,57,15,55,10g,"LS, AP, TL, AF, RW, RK, JL, DM"
7/20/2024,7:40AM,62,sunny,SBEW,,B,A5,1311,N,P.man,F,A,PL,26,55,15,61,11g,"LS, AP, TL, AF, RW, RK, JL, DM"
7/20/2024,7:40AM,62,sunny,TCE,2002.5,NB,B3,141,R,P.man,M,A,,28,60,15,52,11g,"LS, AP, TL, AF, RW, RK, JL, DM"
7/20/2024,7:40AM,62,sunny,TCE,2002.5,NB,C2,165,R,P.leu,M,A,,27,68,17,54,10g,"LS, AP, TL, AF, RW, RK, JL, DM"
7/20/2024,7:40AM,62,sunny,TCE,2002.5,NB,D1,166,N,P.leu,F,A,L,26,70,18,58,10g,"LS, AP, TL, AF, RW, RK, JL, DM"
7/20/2024,7:40AM,62,sunny,TC,2002.5,NB,D4,237,N,M.och,M,A,,41,35,16,76,10g,"LS, AP, TL, AF, RW, RK, JL, DM"
7/20/2024,7:40AM,62,sunny,TC,2002.5,NB,C3,,E,,,,,,,,,,"LS, AP, TL, AF, RW, RK, JL, DM"
7/20/2024,7:40AM,62,sunny,TC,2002.5,NB,E3,1285,R,M.och,M,A,,46,28,15,81,14g,"LS, AP, TL, AF, RW, RK, JL, DM"
7/20/2024,7:40AM,62,sunny,WH,1992,B,C5,1318,N,M.och,M,A,,48,12,15,81,11g,"LS, AP, TL, AF, RW, RK, JL, DM"
7/20/2024,7:40AM,62,sunny,WH,1992,B,D5,206,N,M.och,F,A,PL,44,33,15,82,10g,"LS, AP, TL, AF, RW, RK, JL, DM"
7/20/2024,7:40AM,62,sunny,WH,1992,B,E5,,TNC,,,,,,,,,,"LS, AP, TL, AF, RW, RK, JL, DM"
7/20/2024,7:40AM,62,sunny,WH,1992,B,B4,335,N,P.leu,M,A,,34,72,19,58,10g,"LS, AP, TL, AF, RW, RK, JL, DM"
7/20/2024,7:40AM,62,sunny,WH,1992,B,D4,,TNC,,,,,,,,,,"LS, AP, TL, AF, RW, RK, JL, DM"
7/20/2024,7:40AM,62,sunny,WH,1992,B,C4,,TNC,,,,,,,,,,"LS, AP, TL, AF, RW, RK, JL, DM"
7/20/2024,7:40AM,62,sunny,WH,1992,B,E3,,TNC,,,,,,,,,,"LS, AP, TL, AF, RW, RK, JL, DM"
7/20/2024,7:40AM,62,sunny,WH,1992,B,D3,,TNC,,,,,,,,,,"LS, AP, TL, AF, RW, RK, JL, DM"
7/20/2024,7:40AM,62,sunny,WH,1992,B,C2,,TNC,,,,,,,,,,"LS, AP, TL, AF, RW, RK, JL, DM"
7/20/2024,7:40AM,62,sunny,WH,1992,B,E1,,TNC,,,,,,,,,,"LS, AP, TL, AF, RW, RK, JL, DM"
7/20/2024,7:40AM,62,sunny,WH,1992,B,E2,,TNC,,,,,,,,,,"LS, AP, TL, AF, RW, RK, JL, DM"
7/20/2024,7:40AM,62,sunny,WH,1992,B,E4,1321,N,M.och,F,SA,,26,24,14,60,10g,"LS, AP, TL, AF, RW, RK, JL, DM"
7/20/2024,7:40AM,62,sunny,WH,1992,B,A3,29,R,P.leu,M,A,,22,71,18,59,10g,"LS, AP, TL, AF, RW, RK, JL, DM"
7/20/2024,7:40AM,62,sunny,WH,1992,B,D2,1355,N,P.leu,M,A,,24,65,17,59,10g,"LS, AP, TL, AF, RW, RK, JL, DM"
7/20/2024,7:40AM,62,sunny,WH,1992,B,D1,336,N,P.leu,M,A,,24,67,17,50,10g,"LS, AP, TL, AF, RW, RK, JL, DM"
7/20/2024,7:40AM,62,sunny,L,2001,NB,B3,1382,R,P.man,M,A,,31,55,15,60,11g,"LS, AP, TL, AF, RW, RK, JL, DM"
7/20/2024,7:40AM,62,sunny,L,2001,NB,E2,1625,R,I.tri,M,A,,104,100,35,120,30g,"LS, AP, TL, AF, RW, RK, JL, DM"
7/20/2024,7:40AM,62,sunny,L,2001,NB,D1,1342,R,M.och,F,A,,44,34,16,80,10g,"LS, AP, TL, AF, RW, RK, JL, DM"
7/20/2024,7:40AM,62,sunny,L,2001,NB,A1,310,N,P.man,M,A,,22,51,15,50,10g,"LS, AP, TL, AF, RW, RK, JL, DM"
10/11/2024,7:30AM,49,sunny,L,2001,NB,B2,1289,N,R.meg,F,A,L,24,,,,10g,"LS, AN, AP, ZL"
10/11/2024,7:30AM,49,sunny,HF,2013,B,A3,1365,R,P.man,F,A,L,27,,,,"ear clipped, 10g","LS, AN, AP, ZL"
10/11/2024,7:30AM,49,sunny,HF,2013,B,C4,,TNC,,,,,,,,,,"LS, AN, AP, ZL"
10/11/2024,7:30AM,49,sunny,SBEE,2009,B,C4,231,N,P.leu,F,A,P/L,33,70,18,,10g,"LS, AN, AP, ZL"
10/12/2024,7:20AM,55,sunny,WH,1992,B,D4,315,N,P.man,F,SA,,23,63,16,47,10g,"LS, ZL, AN, LD"
10/12/2024,7:20AM,55,sunny,WH,1992,B,D2,348,N,P.leu,M,A,,30,70,19,59,10g,"LS, ZL, AN, LD"
10/12/2024,7:20AM,55,sunny,WH,1992,B,D1,1305,N,P.leu,M,A,,25,70,18,50,10g,"LS, ZL, AN, LD"
10/12/2024,7:20AM,55,sunny,WH,1992,B,A4,1326,N,P.leu,M,A,,33,75,19,60,10g,"LS, ZL, AN, LD"
10/12/2024,7:20AM,55,sunny,WH,1992,B,C2,,TNC,,,,,,,,,,"LS, ZL, AN, LD"
10/12/2024,7:20AM,55,sunny,L,2001,NB,E5,,TNC,,,,,,,,,,"LS, ZL, AN, LD"
10/12/2024,7:20AM,55,sunny,L,2001,NB,D3,186,N,M.och,F,A,L,51,35,15,94,11g,"LS, ZL, AN, LD"
10/12/2024,7:20AM,55,sunny,L,2001,NB,C2,196,N,M.och,F,A,L,47,28,15,88,10g,"LS, ZL, AN, LD"
10/12/2024,7:20AM,55,sunny,HF,2013,B,A2,219,R,M.och,F,A,L,50,42,16,83,10g,"LS, ZL, AN, LD"
10/12/2024,7:20AM,55,sunny,HF,2013,B,C5,1315,N,M.och,F,A,P,55,33,16,98,13g,"LS, ZL, AN, LD"
10/12/2024,7:20AM,55,sunny,HF,2013,B,C3,1319,N,P.man,F,SA,,22,52,15,51,10g,"LS, ZL, AN, LD"
10/12/2024,7:20AM,55,sunny,HF,2013,B,D5,1364,R,M.och,F,A,P,50,33,17,90,10g,"LS, ZL, AN, LD"
10/12/2024,7:20AM,55,sunny,HF,2013,B,D4,301,N,M.och,F,A,P/L,51,30,16,76,10g,"LS, ZL, AN, LD"
10/12/2024,7:20AM,55,sunny,HF,2013,B,E1,223,R,M.och,M,A,,49,38,17,81,10g,"LS, ZL, AN, LD"
10/12/2024,7:20AM,55,sunny,HF,2013,B,E2,1276,N,M.och,F,A,L,53,40,15,83,10g,"LS, ZL, AN, LD"
10/12/2024,7:20AM,55,sunny,SB,2009,B,B3,1320,N,M.och,F,A,,51,31,15,72,10g,"LS, ZL, AN, LD"
10/12/2024,7:20AM,55,sunny,SB,2009,B,E4,,TNC,,,,,,,,,,"LS, ZL, AN, LD"
10/12/2024,7:20AM,55,sunny,SB,2009,B,B1,no tag,N,B.brev,,,,30,,,,10g,"LS, ZL, AN, LD"
10/12/2024,7:20AM,55,sunny,SB,2009,B,C1,1438,R,,,,,30,,,,10g,"LS, ZL, AN, LD"
10/12/2024,7:20AM,55,sunny,SBEE,2009,B,A3,1341,N,P.leu,M,A,,25,59,18,60,10g,"LS, ZL, AN, LD"
10/12/2024,7:20AM,55,sunny,SBEE,2009,B,A2,1356,N,P.man,M,A,,29,56,15,62,10g,"LS, ZL, AN, LD"
10/12/2024,7:20AM,55,sunny,SBEE,2009,B,E5,1354,N,P.leu,M,A,,28,74,19,58,10g,"LS, ZL, AN, LD"
10/12/2024,7:20AM,55,sunny,SBEE,2009,B,C4,231,R,P.leu,F,A,P/L,33,71,18,66,10g,"LS, ZL, AN, LD"
10/12/2024,7:20AM,55,sunny,SBEW,2009,B,D4,1448,R,P.man,M,A,,31,54,16,55,10g,"LS, ZL, AN, LD"
10/12/2024,7:20AM,55,sunny,TC,2002.5,NB,A4,337,N,P.leu,M,A,,26,65,17,50,10g,"LS, ZL, AN, LD"
10/12/2024,7:20AM,55,sunny,TCE,2002.5,NB,A4,,TNC,,,,,,,,,,"LS, ZL, AN, LD"
10/12/2024,7:20AM,55,sunny,TCE,2002.5,NB,A3,,TNC,,,,,,,,,,"LS, ZL, AN, LD"
10/12/2024,7:20AM,55,sunny,TCE,2002.5,NB,A1,no tag,N,B.brev,,,,31,,,,11g,"LS, ZL, AN, LD"
10/12/2024,7:20AM,55,sunny,TCE,2002.5,NB,C1,225,N,P.leu,F,A,P/L,43,39,18,64,"12g, cut tail","LS, ZL, AN, LD"
10/12/2024,7:20AM,55,sunny,TCE,2002.5,NB,D2,1350,N,P.leu,M,A,,32,73,17,62,10g,"LS, ZL, AN, LD"
10/12/2024,7:20AM,55,sunny,TCE,2002.5,NB,C3,,TNC,,,,,,,,,,"LS, ZL, AN, LD"
10/13/2024,7:22AM,47,"cold, partly cloudy",WH,1992,B,D1,246,N,P.leu,M,SA,,26,64,18,50,10g,"LS, ZL, JN, KV"
10/13/2024,7:22AM,47,"cold, partly cloudy",WH,1992,B,A3,239,N,P.leu,M,A,,34,71,19,62,10g,"LS, ZL, JN, KV"
10/13/2024,7:22AM,47,"cold, partly cloudy",WH,1992,B,C1,,,,,,,,,,,deceased,"LS, ZL, JN, KV"
10/13/2024,7:22AM,47,"cold, partly cloudy",WH,1992,B,C3,,TNC,,,,,,,,,,"LS, ZL, JN, KV"
10/13/2024,7:22AM,47,"cold, partly cloudy",SB,2009,B,A4,1376,R,M.och,F,A,L,60,38,16,95,10g,"LS, ZL, JN, KV"
10/13/2024,7:22AM,47,"cold, partly cloudy",SB,2009,B,C4,266,N,M.och,M,SA,,27,15,15,66,10g,"LS, ZL, JN, KV"
10/13/2024,7:22AM,47,"cold, partly cloudy",SB,2009,B,C1,1438,R,P.man,M,A,,27,51,15,57,10g,"LS, ZL, JN, KV"
10/13/2024,7:22AM,47,"cold, partly cloudy",SBEE,2009,B,A2,1279,N,P.leu,M,A,,34,68,18,59,12g,"LS, ZL, JN, KV"
10/13/2024,7:22AM,47,"cold, partly cloudy",SBEE,2009,B,C4,231,R,P.leu,F,A,,29,,,,10g,"LS, ZL, JN, KV"
10/13/2024,7:22AM,47,"cold, partly cloudy",SBEE,2009,B,D2,1312,R,M.och,M,A,,48,34,16,85,10g,"LS, ZL, JN, KV"
10/13/2024,7:22AM,47,"cold, partly cloudy",SBEW,2009,B,B3,,TNC,,,,,,,,,,"LS, ZL, JN, KV"
10/13/2024,7:22AM,47,"cold, partly cloudy",TC,2002.5,NB,B5,212,N,P.man,F,A,,27,56,15,46,13g,"LS, ZL, JN, KV"
10/13/2024,7:22AM,47,"cold, partly cloudy",TCE,2002.5,NB,B4,,N,,,,,,,,,lethargic,"LS, ZL, JN, KV"
10/13/2024,7:22AM,47,"cold, partly cloudy",TCE,2002.5,NB,B3,,TNC,,,,,,,,,,"LS, ZL, JN, KV"
10/13/2024,7:22AM,47,"cold, partly cloudy",TCE,2002.5,NB,A3,,TNC,,,,,,,,,,"LS, ZL, JN, KV"
10/13/2024,7:22AM,47,"cold, partly cloudy",TCE,2002.5,NB,A4,,TNC,,,,,,,,,,"LS, ZL, JN, KV"
10/13/2024,7:22AM,47,"cold, partly cloudy",TCE,2002.5,NB,C1,333,N,P.leu,M,J,,19,50,16,43,11g,"LS, ZL, JN, KV"
10/13/2024,7:22AM,47,"cold, partly cloudy",TCE,2002.5,NB,C2,165,R,P.leu,M,A,,31,70,17,57,10g,"LS, ZL, JN, KV"
10/13/2024,7:22AM,47,"cold, partly cloudy",L,2001,NB,D3,,N,M.och,,,,,,,,deceased,"LS, ZL, JN, KV"
10/13/2024,7:22AM,47,"cold, partly cloudy",L,2001,NB,B2,1362,N,M.och,M,A,,30,28,15,59,10g,"LS, ZL, JN, KV"
10/13/2024,7:22AM,47,"cold, partly cloudy",L,2001,NB,B1,1330,N,M.och,M,A,,48,28,17,78,10g,"LS, ZL, JN, KV"
10/13/2024,7:22AM,47,"cold, partly cloudy",HF,2013,B,C1,1334,R,M.och,F,A,L,47,43,16,80,10g,"LS, ZL, JN, KV"
10/13/2024,7:22AM,47,"cold, partly cloudy",HF,2013,B,A2,219,R,,,,,50,,,,10g,"LS, ZL, JN, KV"
10/13/2024,7:22AM,47,"cold, partly cloudy",HF,2013,B,C3,1357,N,P.man,M,A,,29,53,15,53,10g,"LS, ZL, JN, KV"
10/13/2024,7:22AM,47,"cold, partly cloudy",HF,2013,B,A4,1365,R,,,,,28,,,,10g,"LS, ZL, JN, KV"
10/13/2024,7:22AM,47,"cold, partly cloudy",HF,2013,B,A5,1307,N,P.man,M,A,,30,55,15,55,11g,"LS, ZL, JN, KV"
10/13/2024,7:22AM,47,"cold, partly cloudy",HF,2013,B,D1,,TNC,,,,,,,,,,"LS, ZL, JN, KV"
10/13/2024,7:22AM,47,"cold, partly cloudy",HF,2013,B,D2,,E,,,,,,,,,escaped,"LS, ZL, JN, KV"
10/13/2024,7:22AM,47,"cold, partly cloudy",HF,2013,B,D4,282,N,M.och,F,A,P/L,55,41,16,72,10g,"LS, ZL, JN, KV"
10/13/2024,7:22AM,47,"cold, partly cloudy",HF,2013,B,D5,175,N,M.och,M,A,,50,34,15,90,10g,"LS, ZL, JN, KV"
10/13/2024,7:22AM,47,"cold, partly cloudy",HF,2013,B,E2,,N,,,,,,,,,deceased,"LS, ZL, JN, KV"
10/13/2024,7:22AM,47,"cold, partly cloudy",HF,2013,B,E3,1276,R,,,,,49,,,,10g,"LS, ZL, JN, KV"
10/13/2024,7:22AM,47,"cold, partly cloudy",HF,2013,B,E4,1304,N,M.och,M,A,,65,28,16,95,11g,"LS, ZL, JN, KV"
10/14/2024,7:22AM,42,clear skies,WH,1992,B,E5,,TNC,,,,,,,,,,"LS, JZ, TC"
10/14/2024,7:22AM,42,clear skies,WH,1992,B,C2,,TNC,,,,,,,,,,"LS, JZ, TC"
10/14/2024,7:22AM,42,clear skies,WH,1992,B,E1,,TNC,,,,,,,,,,"LS, JZ, TC"
10/14/2024,7:22AM,42,clear skies,WH,1992,B,C1,,TNC,,,,,,,,,,"LS, JZ, TC"
10/14/2024,7:22AM,42,clear skies,WH,1992,B,D1,,N,P.leu,F,A,L,36,72,17,58,13g,"LS, JZ, TC"
10/14/2024,7:22AM,42,clear skies,L,2001,NB,C2,1330,R,M.och,,,,46,,,,10g,"LS, JZ, TC"
10/14/2024,7:22AM,42,clear skies,HF,2013,B,B5,,TNC,,,,,,,,,,"LS, JZ, TC"
10/14/2024,7:22AM,42,clear skies,HF,2013,B,C2,1323,N,M.och,M,SA,,33,23,16,70,10g,"LS, JZ, TC"
10/14/2024,7:22AM,42,clear skies,HF,2013,B,C5,,TNC,,,,,,,,,,"LS, JZ, TC"
10/14/2024,7:22AM,42,clear skies,HF,2013,B,D5,247,N,M.och,M,A,,50,32,15,85,10g,"LS, JZ, TC"
10/14/2024,7:22AM,42,clear skies,SB,2009,B,B4,1376,R,M.och,,,,65,,,,14g,"LS, JZ, TC"
10/14/2024,7:22AM,42,clear skies,SB,2009,B,A5,1468,R,P.man,F,A,P/L,36,51,15,58,12g,"LS, JZ, TC"
10/14/2024,7:22AM,42,clear skies,SB,2009,B,D4,266,R,M.och,,,,27,,,,10g,"LS, JZ, TC"
10/14/2024,7:22AM,42,clear skies,SB,2009,B,D5,1312,R,M.och,M,A,,55,31,15,95,15g,"LS, JZ, TC"
10/14/2024,7:22AM,42,clear skies,SBEE,2009,B,A2,285,N,P.leu,M,A,,33,71,19,63,10g,"LS, JZ, TC"
10/14/2024,7:22AM,42,clear skies,SBEE,2009,B,A1,1340,N,P.leu,F,A,P/L,46,70,19,63,10g,"LS, JZ, TC"
10/14/2024,7:22AM,42,clear skies,SBEE,2009,B,B2,334,N,P.man,M,A,,38,55,15,51,20g,"LS, JZ, TC"
10/14/2024,7:22AM,42,clear skies,SBEE,2009,B,B1,,TNC,,,,,,,,,,"LS, JZ, TC"
10/14/2024,7:22AM,42,clear skies,SBEE,2009,B,E4,,TNC,,,,,,,,,,"LS, JZ, TC"
10/14/2024,7:22AM,42,clear skies,SBEW,2009,B,A2,270,N,P.leu,M,A,,30,68,18,54,12g,"LS, JZ, TC"
10/14/2024,7:22AM,42,clear skies,SBEW,2009,B,D3,1472,R,P.leu,M,A,,33,60,16,61,13g,"LS, JZ, TC"
10/14/2024,7:22AM,42,clear skies,TC,2002.5,NB,D4,194,N,M.och,M,A,,47,34,16,85,10g,"LS, JZ, TC"
10/14/2024,7:22AM,42,clear skies,TCE,2002.5,NB,C5,,,B.brev,,,,,,,,deceased,"LS, JZ, TC"
10/14/2024,7:22AM,42,clear skies,TCE,2002.5,NB,D3,,TNC,,,,,,,,,,"LS, JZ, TC"
10/14/2024,7:22AM,42,clear skies,TCE,2002.5,NB,C4,1281,N,P.leu,M,A,,30,72,17,60,10g,"LS, JZ, TC"
10/14/2024,7:22AM,42,clear skies,TCE,2002.5,NB,A3,,TNC,,,,,,,,,,"LS, JZ, TC"
10/14/2024,7:22AM,42,clear skies,TCE,2002.5,NB,C2,165,R,P.leu,M,A,,30,70,18,62,10g,"LS, JZ, TC"
10/15/2024,7:00AM,37,clear skies,WH,1992,B,D5,1314,N,M.och,F,J,,35,21,14,65,15g,"HJ, PG, KV, SB, OM"
10/15/2024,7:00AM,37,clear skies,WH,1992,B,D4,,N,B.brev,,,,,,,,deceased,"HJ, PG, KV, SB, OM"
10/15/2024,7:00AM,37,clear skies,WH,1992,B,D1,1305,R,,,,,28,,,,10g,"HJ, PG, KV, SB, OM"
10/15/2024,7:00AM,37,clear skies,WH,1992,B,C1,,T,,,,,,,,,,"HJ, PG, KV, SB, OM"
10/15/2024,7:00AM,37,clear skies,WH,1992,B,C2,,T,,,,,,,,,,"HJ, PG, KV, SB, OM"
10/15/2024,7:00AM,37,clear skies,WH,1992,B,D2,,T,,,,,,,,,,"HJ, PG, KV, SB, OM"
10/15/2024,7:00AM,37,clear skies,WH,1992,B,A3,2266,N,P.leu,M,A,,29,69,15,53,9g,"HJ, PG, KV, SB, OM"
10/15/2024,7:00AM,37,clear skies,HF,2013,B,D5,2271,N,M.och,M,A,,47.5,27,16,75,13g,"HJ, PG, KV, SB, OM"
10/15/2024,7:00AM,37,clear skies,HF,2013,B,E5,247,R,,,,,,,,,torpor,"HJ, PG, KV, SB, OM"
10/15/2024,7:00AM,37,clear skies,HF,2013,B,E4,3209,N,M.och,F,A,P,38,23,14,66,torpor,"HJ, PG, KV, SB, OM"
10/15/2024,7:00AM,37,clear skies,HF,2013,B,E3,1276,R,,,,,,,,,torpor,"HJ, PG, KV, SB, OM"
10/15/2024,7:00AM,37,clear skies,HF,2013,B,C2,1365,R,,,,,,,,,torpor,"HJ, PG, KV, SB, OM"
10/15/2024,7:00AM,37,clear skies,HF,2013,B,D2,2262,N,M.och,M,A,,50,28,15,66,12g,"HJ, PG, KV, SB, OM"
10/15/2024,7:00AM,37,clear skies,HF,2013,B,C1,267,R,M.och,M,A,,49,27,13,90,11g,"HJ, PG, KV, SB, OM"
10/15/2024,7:00AM,37,clear skies,HF,2013,B,D1,242,N,M.och,F,A,P,46,26,15,58,12g,"HJ, PG, KV, SB, OM"
10/15/2024,7:00AM,37,clear skies,HF,2013,B,A2,219,R,,,,,60,,,,11g,"HJ, PG, KV, SB, OM"
10/15/2024,7:00AM,37,clear skies,HF,2013,B,A5,2289,N,P.man,F,A,P/L,24,58,14,51,9g,"HJ, PG, KV, SB, OM"
10/15/2024,7:00AM,37,clear skies,L,2001,NB,B1,1346,N,M.och,F,A,P,42,23,14,60,10g,"HJ, PG, KV, SB, OM"
10/15/2024,7:00AM,37,clear skies,L,2001,NB,B2,1330,R,,,,,38,,,,10g,"HJ, PG, KV, SB, OM"
10/15/2024,7:00AM,37,clear skies,L,2001,NB,A1,1370,N,M.och,M,A,,34,27.5,14,57,10g,"HJ, PG, KV, SB, OM"
10/15/2024,7:00AM,37,clear skies,L,2001,NB,C2,,TNC,,,,,,,,,,"HJ, PG, KV, SB, OM"
10/15/2024,7:00AM,37,clear skies,SBEW,2009,B,D3,2297,N,P.man,F,A,P/L,29,57,14,49,"9g, torpor","HJ, PG, KV, SB, OM"
10/15/2024,7:00AM,37,clear skies,SBEW,2009,B,A4,,TNC,,,,,,,,,,"HJ, PG, KV, SB, OM"
10/15/2024,7:00AM,37,clear skies,SBEW,2009,B,E2,,TNC,,,,,,,,,,"HJ, PG, KV, SB, OM"
10/15/2024,7:00AM,37,clear skies,SBEE,2009,B,E3,1354,R,,,,,33,,,,13g,"HJ, PG, KV, SB, OM"
10/15/2024,7:00AM,37,clear skies,SBEE,2009,B,E1,2225,N,M.och,M,SA,,29,24,13,56,14.5g,"HJ, PG, KV, SB, OM"
10/15/2024,7:00AM,37,clear skies,SBEE,2009,B,D1,1310,N,M.och,F,J,,33.5,17,13,58,10g,"HJ, PG, KV, SB, OM"
10/15/2024,7:00AM,37,clear skies,SBEE,2009,B,B1,2216,N,M.och,F,A,P,44,26,16,62,9g,"HJ, PG, KV, SB, OM"
10/15/2024,7:00AM,37,clear skies,SBEE,2009,B,A1,2226,N,P.leu,F,A,P/L,25,71,16,56,9g,"HJ, PG, KV, SB, OM"
10/15/2024,7:00AM,37,clear skies,SBEE,2009,B,A2,2305,N,P.leu,M,A,,28,65,18,53,10g,"HJ, PG, KV, SB, OM"
10/15/2024,7:00AM,37,clear skies,SB,2009,B,A5,1369,R,P.man,M,A,,28,51,14,53,9g,"HJ, PG, KV, SB, OM"
10/15/2024,7:00AM,37,clear skies,SB,2009,B,B5,1376,R,,,,,,,,,deceased,"HJ, PG, KV, SB, OM"
10/15/2024,7:00AM,37,clear skies,SB,2009,B,D5,1312,R,,,,,55,,,,11g,"HJ, PG, KV, SB, OM"
10/15/2024,7:00AM,37,clear skies,SB,2009,B,B4,2238,N,M.och,M,A,,53,30,15,66,10g,"HJ, PG, KV, SB, OM"
10/15/2024,7:00AM,37,clear skies,SB,2009,B,E5,2273,N,M.och,M,A,,46.5,32,16,66,9g,"HJ, PG, KV, SB, OM"
10/15/2024,7:00AM,37,clear skies,SB,2009,B,D4,2239,N,M.och,F,SA,,26,22,14,51,8g,"HJ, PG, KV, SB, OM"
10/15/2024,7:00AM,37,clear skies,SB,2009,B,D1,2299,N,M.och,M,A,,39,32,16,71,10g,"HJ, PG, KV, SB, OM"
10/15/2024,7:00AM,37,clear skies,TC,2002.5,NB,A4,,T,,,,,,,,,,"HJ, PG, KV, SB, OM"
10/15/2024,7:00AM,37,clear skies,TC,2002.5,NB,B3,,TNC,,,,,,,,,,"HJ, PG, KV, SB, OM"
10/15/2024,7:00AM,37,clear skies,TCE,2002.5,NB,B5,224,N,P.leu,M,A,,33,73,18,61,11g,"HJ, PG, KV, SB, OM"
10/15/2024,7:00AM,37,clear skies,TCE,2002.5,NB,B4,1281,R,,,,,35,,,,11g,"HJ, PG, KV, SB, OM"
10/15/2024,7:00AM,37,clear skies,TCE,2002.5,NB,E4,2300,N,P.leu,M,A,,28,64,15,53,10g,"HJ, PG, KV, SB, OM"
10/15/2024,7:00AM,37,clear skies,TCE,2002.5,NB,B3,,TNC,,,,,,,,,,"HJ, PG, KV, SB, OM"
10/15/2024,7:00AM,37,clear skies,TCE,2002.5,NB,B2,,TNC,,,,,,,,,,"HJ, PG, KV, SB, OM"
10/15/2024,7:00AM,37,clear skies,TCE,2002.5,NB,C1,,TNC,,,,,,,,,,"HJ, PG, KV, SB, OM"
10/15/2024,7:00AM,37,clear skies,TCE,2002.5,NB,E5,,TNC,,,,,,,,,,"HJ, PG, KV, SB, OM"
10/16/2024,8:00AM,31,"cold, sunny",WH,1992,B,C1,,TNC,,,,,,,,,,"LS, JS, SS, AS, KL"
10/16/2024,8:00AM,31,"cold, sunny",WH,1992,B,D3,,TNC,,,,,,,,,,"LS, JS, SS, AS, KL"
10/16/2024,8:00AM,31,"cold, sunny",HF,2013,B,B3,2276,N,M.och,F,A,,37,21,15,68,13g,"LS, JS, SS, AS, KL"
10/16/2024,8:00AM,31,"cold, sunny",HF,2013,B,A2,219,,,,,,,,,,deceased,"LS, JS, SS, AS, KL"
10/16/2024,8:00AM,31,"cold, sunny",HF,2013,B,B1,,TNC,,,,,,,,,,"LS, JS, SS, AS, KL"
10/16/2024,8:00AM,31,"cold, sunny",SB,2009,B,B4,2270,N,P.man,F,A,P/L,60,30,16,90,10g,"LS, JS, SS, AS, KL"
10/16/2024,8:00AM,31,"cold, sunny",SB,2009,B,C4,,TNC,,,,,,,,,,"LS, JS, SS, AS, KL"
10/16/2024,8:00AM,31,"cold, sunny",SB,2009,B,D1,1308,N,M.och,M,A,,39,30,18,82,10g,"LS, JS, SS, AS, KL"
10/16/2024,8:00AM,31,"cold, sunny",SB,2009,B,A2,1468,R,,,,,39,,,,11g,"LS, JS, SS, AS, KL"
10/16/2024,8:00AM,31,"cold, sunny",SBEE,2009,B,A1,2226,R,,,,,,,,,deceased,"LS, JS, SS, AS, KL"
10/16/2024,8:00AM,31,"cold, sunny",SBEE,2009,B,B1,2243,N,M.och,M,A,,51,32,17,89,12g,"LS, JS, SS, AS, KL"
10/16/2024,8:00AM,31,"cold, sunny",TC,2002.5,NB,A3,,TNC,,,,,,,,,,"LS, JS, SS, AS, KL"
10/16/2024,8:00AM,31,"cold, sunny",TCE,2002.5,NB,B5,,TNC,,,,,,,,,,"LS, JS, SS, AS, KL"
10/16/2024,8:00AM,31,"cold, sunny",TCE,2002.5,NB,B4,,N,,,,,,,,,deceased,"LS, JS, SS, AS, KL"
10/16/2024,8:00AM,31,"cold, sunny",TCE,2002.5,NB,A3,,TNC,,,,,,,,,,"LS, JS, SS, AS, KL"
10/17/2024,7:15AM,35,"sunny, windy",WH,1992,B,B3,,TNC,,,,,,,,,,"LS, JZ, JN"
10/17/2024,7:15AM,35,"sunny, windy",WH,1992,B,C2,348,R,,,,,35,,,,15g,"LS, JZ, JN"
10/17/2024,7:15AM,35,"sunny, windy",WH,1992,B,C4,,TNC,,,,,,,,,,"LS, JZ, JN"
10/17/2024,7:15AM,35,"sunny, windy",WH,1992,B,C1,,TNC,,,,,,,,,,"LS, JZ, JN"
10/17/2024,7:15AM,35,"sunny, windy",WH,1992,B,E3,,TNC,,,,,,,,,,"LS, JZ, JN"
10/17/2024,7:15AM,35,"sunny, windy",WH,1992,B,D2,,TNC,,,,,,,,,,"LS, JZ, JN"
10/17/2024,7:15AM,35,"sunny, windy",SB,2009,B,A1,,TNC,,,,,,,,,,"LS, JZ, JN"
10/17/2024,7:15AM,35,"sunny, windy",SBEE,2009,B,B4,240,N,P.man,M,A,,48,53,14,59,27g,"LS, JZ, JN"
10/17/2024,7:15AM,35,"sunny, windy",SBEE,2009,B,C1,2216,R,M.och,F,A,P/L,55,28,16,85,12g,"LS, JZ, JN"
10/17/2024,7:15AM,35,"sunny, windy",TC,2002.5,NB,E1,194,R,,,,,51,,,,16g,"LS, JZ, JN"
10/17/2024,7:15AM,35,"sunny, windy",TCE,2002.5,NB,D4,,TNC,,,,,,,,,,"LS, JZ, JN"
10/17/2024,7:15AM,35,"sunny, windy",TCE,2002.5,NB,A4,,TNC,,,,,,,,,,"LS, JZ, JN"
10/17/2024,7:15AM,35,"sunny, windy",TCE,2002.5,NB,B5,2282,N,P.leu,F,A,L,33,75,18,56,11g,"LS, JZ, JN"
10/17/2024,7:15AM,35,"sunny, windy",TCE,2002.5,NB,B4,2223,N,P.leu,M,A,,28,62,17,57,10g,"LS, JZ, JN"
10/17/2024,7:15AM,35,"sunny, windy",HF,2013,B,B3,2279,R,,,,,39,,,,15g,"LS, JZ, JN"
10/17/2024,7:15AM,35,"sunny, windy",HF,2013,B,E4,3209,R,,,,,38,,,,11g,"LS, JZ, JN"
10/18/2024,7:20AM,39,"cold, sunny",WH,1992,B,B1,2214,N,P.leu,F,A,L,33,74,18,61,11g,"LS, AP, CH"
10/18/2024,7:20AM,39,"cold, sunny",WH,1992,B,E1,TNC,,,,,,,,,,,"LS, AP, CH"
10/18/2024,7:20AM,39,"cold, sunny",WH,1992,B,A5,TNC,,,,,,,,,,,"LS, AP, CH"
10/18/2024,7:20AM,39,"cold, sunny",L,2001,NB,C2,TNC,,,,,,,,,,,"LS, AP, CH"
10/18/2024,7:20AM,39,"cold, sunny",HF,2013,B,C3,2212,N,P.man,M,A,,24,48,15,48,12g,"LS, AP, CH"
10/18/2024,7:20AM,39,"cold, sunny",SB,2009,B,D4,2265,N,M.och,F,A,P,65,32,16,85,14g,"LS, AP, CH"
10/18/2024,7:20AM,39,"cold, sunny",SBEE,2009,B,A1,2254,N,P.leu,M,A,,35,74,17,62,11g,"LS, AP, CH"
10/18/2024,7:20AM,39,"cold, sunny",SBEE,2009,B,B1,2216,R,M.och,,,,60,,,,12g,"LS, AP, CH"
10/18/2024,7:20AM,39,"cold, sunny",SBEE,2009,B,C2,2260,N,M.och,M,A,,48,30,17,85,10g,"LS, AP, CH"
10/18/2024,7:20AM,39,"cold, sunny",SBEW,2009,B,B1,1345,N,P.man,M,A,,30,61,15,55,11g,"LS, AP, CH"
10/18/2024,7:20AM,39,"cold, sunny",SBEW,2009,B,B3,2267,N,Z.hud,M,A,,26,110,25,64,10g,"LS, AP, CH"
10/18/2024,7:20AM,39,"cold, sunny",TC,2002.5,NB,D4,,TNC,,,,,,,,,,"LS, AP, CH"
10/18/2024,7:20AM,39,"cold, sunny",TCE,2002.5,NB,B4,2223,R,,,,,28,,,,10g,"LS, AP, CH"
10/18/2024,7:20AM,39,"cold, sunny",TCE,2002.5,NB,C2,165,R,,,,,32,,,,11g,"LS, AP, CH"
